id,date,hour,leagueMatchNb,idHome,homeTeam,idAway,awayTeam,h_score,a_score,h_possession,h_duelsWon,h_aerialDuelsWon,h_interceptions,h_offPlays,h_corners,h_passes,h_longPasses,h_succeededPasses,h_succeededPassesOppositeSide,h_centers,h_succeededCenters,h_shots,h_targetedShots,h_counteredShots,h_extSurfaceShots,h_intSurfaceShots,h_precisionShots,h_tackles,h_succeededTackles,h_clears,h_concededFaults,h_yellowCards,h_redCards,a_possession,a_duelsWon,a_aerialDuelsWon,a_interceptions,a_offPlays,a_corners,a_passes,a_longPasses,a_succeededPasses,a_succeededPassesOppositeSide,a_centers,a_succeededCenters,a_shots,a_targetedShots,a_counteredShots,a_extSurfaceShots,a_intSurfaceShots,a_precisionShots,a_tackles,a_succeededTackles,a_clears,a_concededFaults,a_yellowCards,a_redCards
68089,20200821,1900,1,12,FCGB,18,FCN,0,0,43.5,56.6,55.9,9,0,2,482,77,83.2,68.2,9,22.2,5,1,0,4,1,20.0,14,57.1,28,10,2,1,56.5,43.4,44.1,10,3,3,618,35,89.2,81.8,19,5.3,6,1,2,6,0,16.7,13,30.8,15,15,3,0
68090,20200822,1700,1,20,DFCO,13,SCO,0,1,53.6,55.6,75.0,5,2,3,530,41,88.9,76.1,10,0.0,9,1,3,4,5,11.1,13,53.8,21,15,0,0,46.4,44.4,25.0,10,1,9,438,56,87.2,73.3,26,26.9,12,4,3,3,9,33.3,11,72.7,25,8,0,0
68091,20200822,2100,1,1,LOSC,6,SRFC,1,1,51.2,47.4,46.7,9,0,4,501,55,84.0,70.7,13,7.7,5,1,0,4,1,20.0,16,56.3,9,12,0,1,48.8,52.6,53.3,11,0,2,480,49,84.8,70.8,14,28.6,16,2,5,7,9,12.5,13,69.2,14,16,1,1
68094,20200823,1300,1,3,ASM,14,SDR,2,2,76.2,51.6,62.5,11,0,8,735,48,90.5,82.1,36,36.1,22,5,5,6,16,22.7,23,73.9,4,8,1,0,23.8,48.4,37.5,11,0,1,235,59,68.9,55.5,6,50.0,9,3,2,2,7,33.3,24,54.2,23,14,3,0
68092,20200823,1500,1,16,FCL,15,RCSA,3,1,49.8,39.8,24.0,15,1,6,400,49,82.3,64.1,23,21.7,10,7,1,1,9,70.0,18,72.2,9,17,3,0,50.2,60.2,76.0,9,2,1,419,60,78.8,67.3,7,0.0,7,1,3,6,1,14.3,20,60.0,14,10,2,0
68097,20200823,1500,1,19,NO,17,SB29,4,0,44.6,46.6,44.1,14,0,4,333,77,73.9,60.6,13,53.8,12,5,2,2,10,41.7,18,50.0,16,14,2,0,55.4,53.4,55.9,8,3,4,418,73,76.8,60.4,16,25.0,10,3,2,4,6,30.0,18,61.1,10,17,3,1
68096,20200823,1700,1,9,OGCN,7,RCL,2,1,57.6,48.9,41.7,11,0,1,515,50,85.6,71.9,5,0.0,4,2,2,2,2,50.0,12,41.7,17,17,2,0,42.4,51.1,58.3,18,1,7,353,60,82.7,66.5,29,37.9,16,4,3,4,12,25.0,6,33.3,6,18,3,0
68095,20200915,2100,1,8,MHSC,4,OL,2,1,44.3,40.2,52.5,9,2,4,391,55,80.8,68.5,16,37.5,10,3,3,3,7,30.0,12,50.0,17,13,3,1,55.7,59.8,47.5,7,0,11,488,50,84.8,77.2,26,30.8,19,7,6,7,12,36.8,17,52.9,12,13,2,1
68098,20200916,2100,1,2,PSG,10,FCM,1,0,71.8,43.2,46.9,9,1,8,638,47,87.1,77.0,31,22.6,20,8,2,8,12,40.0,12,66.7,9,8,1,1,28.2,56.8,53.1,13,3,2,254,64,67.7,56.1,9,22.2,7,1,3,3,4,14.3,16,37.5,29,6,2,0
68093,20200917,2100,1,5,OM,11,ASSE,0,2,59.8,49.0,40.0,14,3,7,519,52,82.3,74.9,20,25.0,13,2,3,3,10,15.4,16,68.8,17,13,2,0,40.2,51.0,60.0,15,4,6,344,61,77.6,54.6,18,27.8,12,5,5,4,8,41.7,20,65.0,22,15,2,0
68102,20200828,2100,2,4,OL,20,DFCO,4,1,64.2,53.6,80.0,13,0,13,538,45,89.6,77.7,45,11.1,27,12,5,5,22,44.4,13,53.8,3,12,3,0,35.8,46.4,20.0,18,4,2,311,60,76.5,55.7,9,0.0,6,2,3,4,2,33.3,23,69.6,33,7,3,0
68106,20200829,1700,2,6,SRFC,8,MHSC,2,1,66.7,51.6,50.0,8,1,2,611,54,85.6,78.1,8,37.5,16,7,1,9,7,43.8,21,71.4,12,18,3,1,33.3,48.4,50.0,13,1,1,293,69,72.4,59.9,12,50.0,10,3,1,4,6,30.0,17,70.6,12,16,2,1
68108,20200829,2100,2,15,RCSA,9,OGCN,0,2,44.1,36.2,38.5,12,1,3,441,75,81.6,67.1,18,11.1,6,0,0,3,3,0.0,10,60.0,8,14,2,0,55.9,63.8,61.5,11,1,1,573,64,86.4,70.8,10,20.0,3,2,0,0,3,66.7,19,57.9,11,11,6,0
68105,20200830,1300,2,14,SDR,1,LOSC,0,1,50.4,44.0,33.3,17,2,1,535,62,83.9,68.0,14,14.3,4,0,0,3,1,0.0,22,68.2,4,20,4,0,49.6,56.0,66.7,8,2,2,532,61,81.6,69.5,9,44.4,10,3,1,6,4,30.0,18,50.0,11,11,1,0
68099,20200830,1500,2,13,SCO,12,FCGB,0,2,57.0,53.3,51.9,16,1,5,538,44,85.5,74.9,26,15.4,12,2,6,6,6,16.7,20,80.0,15,12,1,0,43.0,46.7,48.1,22,1,7,410,52,81.2,71.5,18,16.7,7,7,0,0,7,100.0,30,63.3,25,19,3,0
68103,20200830,1500,2,10,FCM,3,ASM,0,1,54.9,51.1,46.3,11,0,10,471,70,80.5,65.0,27,25.9,14,4,2,7,7,28.6,21,52.4,10,14,0,0,45.1,48.9,53.7,11,4,1,404,58,74.8,54.6,7,0.0,3,2,0,1,2,66.7,26,50.0,25,20,3,1
68104,20200830,1500,2,18,FCN,19,NO,2,1,33.9,53.3,59.5,13,2,4,275,66,63.3,48.4,11,27.3,8,4,1,1,7,50.0,26,73.1,30,17,1,2,66.1,46.7,40.5,10,1,8,532,69,80.6,65.8,32,25.0,18,9,4,4,14,50.0,11,63.6,9,9,2,0
68107,20200830,1500,2,11,ASSE,16,FCL,2,0,52.4,57.3,30.0,10,0,2,431,65,82.8,65.4,10,40.0,13,5,4,3,10,38.5,29,51.7,15,14,2,0,47.6,42.7,70.0,12,1,5,378,41,78.0,65.2,21,19.0,6,1,3,2,4,16.7,19,68.4,11,23,1,0
68100,20200830,2100,2,17,SB29,5,OM,2,3,58.7,52.3,48.3,9,3,10,490,61,81.2,71.9,37,35.1,19,4,2,3,16,21.1,21,71.4,9,17,2,0,41.3,47.7,51.7,15,2,2,355,65,73.2,60.7,9,44.4,7,4,1,1,6,57.1,12,66.7,27,13,4,0
68101,20200910,2100,2,7,RCL,2,PSG,1,0,21.8,48.7,68.4,23,3,4,236,49,69.5,53.2,16,18.8,7,3,1,1,6,42.9,24,58.3,21,21,2,0,78.2,51.3,31.6,5,3,2,896,30,90.7,86.0,13,0.0,8,1,2,6,2,12.5,17,82.4,11,10,2,0
68110,20200911,2100,3,12,FCGB,4,OL,0,0,45.0,47.4,61.9,14,0,4,369,51,78.0,63.4,19,10.5,5,0,1,3,2,0.0,11,54.5,23,12,2,0,55.0,52.6,38.1,14,0,5,456,60,81.6,71.6,22,31.8,20,3,6,11,9,15.0,23,78.3,17,19,3,0
68115,20200912,1700,3,8,MHSC,9,OGCN,3,1,37.3,51.4,50.0,8,1,8,280,66,76.1,62.8,20,35.0,20,13,4,7,13,65.0,13,46.2,20,18,0,0,62.7,48.6,50.0,13,0,9,483,49,86.1,75.2,25,20.0,9,1,4,3,6,11.1,10,50.0,14,16,2,0
68118,20200912,2100,3,11,ASSE,15,RCSA,2,0,48.4,51.7,50.0,12,3,6,347,46,76.4,58.6,23,17.4,9,4,1,3,6,44.4,18,55.6,18,13,1,0,51.6,48.3,50.0,8,0,3,381,70,74.3,64.4,10,30.0,14,7,3,6,8,50.0,13,92.3,18,19,3,0
68112,20200913,1300,3,1,LOSC,10,FCM,1,0,61.8,51.7,49.0,15,1,8,558,46,83.2,75.0,24,16.7,16,6,4,9,7,37.5,22,40.9,12,12,4,0,38.2,48.3,51.0,19,2,3,336,75,74.1,54.1,18,33.3,5,1,1,0,5,20.0,23,52.2,29,14,4,0
68109,20200913,1500,3,13,SCO,14,SDR,1,0,57.6,46.2,46.9,6,2,1,544,52,87.9,78.2,17,17.6,20,7,3,12,8,35.0,8,50.0,13,12,2,1,42.4,53.8,53.1,14,0,2,401,57,81.0,60.9,11,9.1,7,2,0,3,4,28.6,15,40.0,18,12,2,1
68111,20200913,1500,3,20,DFCO,17,SB29,0,2,49.6,41.5,40.6,9,1,5,433,43,83.8,64.4,18,11.1,7,3,2,4,3,42.9,16,75.0,15,16,2,1,50.4,58.5,59.4,14,2,7,438,64,84.0,74.1,22,40.9,19,5,4,9,10,26.3,24,66.7,19,16,0,0
68113,20200913,1500,3,16,FCL,7,RCL,2,3,46.3,48.9,44.7,7,0,4,354,59,72.3,53.8,16,0.0,6,3,1,3,3,50.0,24,33.3,17,20,4,0,53.7,51.1,55.3,12,0,2,407,78,79.6,66.9,23,17.4,12,6,1,5,7,50.0,15,93.3,15,16,1,1
68116,20200913,1500,3,19,NO,6,SRFC,2,4,45.2,52.7,61.1,12,1,8,354,68,79.4,60.8,25,32.0,17,9,3,6,11,52.9,18,66.7,8,17,2,0,54.8,47.3,38.9,4,0,4,444,71,79.3,66.2,14,35.7,10,6,1,4,6,60.0,13,84.6,15,13,6,0
68114,20200913,1700,3,3,ASM,18,FCN,2,1,57.6,57.9,65.4,10,3,9,582,63,85.4,73.7,22,27.3,18,5,3,2,16,27.8,27,59.3,16,14,3,0,42.4,42.1,34.6,7,1,4,420,48,80.0,64.4,16,25.0,7,2,1,4,3,28.6,16,81.3,26,11,1,0
68117,20200913,2100,3,2,PSG,5,OM,0,1,65.9,52.5,42.9,5,4,4,529,40,87.5,80.3,27,29.6,14,4,4,5,9,28.6,19,68.4,6,17,4,3,34.1,47.5,57.1,11,3,2,279,59,73.8,65.8,9,22.2,5,2,2,2,3,40.0,19,47.4,26,19,6,2
68121,20200918,2100,4,4,OL,19,NO,0,0,73.9,49.7,55.0,5,0,9,639,45,87.0,78.4,36,16.7,16,3,8,8,8,18.8,20,80.0,10,18,3,0,26.1,50.3,45.0,16,0,3,232,66,62.9,51.7,9,22.2,10,3,3,8,2,30.0,29,55.2,40,12,2,0
68120,20200919,1700,4,7,RCL,12,FCGB,2,1,59.3,47.5,42.9,13,1,7,546,62,85.2,69.5,20,20.0,19,5,6,3,16,26.3,14,78.6,10,15,5,0,40.7,52.5,57.1,17,1,0,379,60,79.2,64.7,7,85.7,7,3,0,3,4,42.9,15,46.7,21,15,3,1
68127,20200919,2100,4,6,SRFC,3,ASM,2,1,58.3,49.0,42.4,9,0,9,601,49,88.2,77.9,24,25.0,15,3,5,6,9,20.0,10,40.0,15,11,1,0,41.7,51.0,57.6,13,3,10,424,51,81.1,63.2,20,40.0,14,2,6,5,9,14.3,16,75.0,17,12,2,0
68126,20200920,1300,4,9,OGCN,2,PSG,0,3,50.0,45.7,60.0,5,0,4,551,45,91.1,82.5,16,31.3,14,5,4,9,5,35.7,8,37.5,15,9,1,0,50.0,54.3,40.0,6,2,7,539,48,92.2,84.5,26,30.8,14,6,5,0,14,42.9,14,57.1,8,9,2,0
68119,20200920,1500,4,17,SB29,16,FCL,3,2,57.1,56.4,77.1,13,2,4,504,62,83.7,73.8,17,41.2,14,6,4,4,10,42.9,18,61.1,17,20,2,0,42.9,43.6,22.9,12,1,6,369,60,73.7,53.8,17,29.4,10,4,1,3,7,40.0,19,63.2,14,13,1,0
68123,20200920,1500,4,10,FCM,14,SDR,2,1,59.5,50.9,54.8,12,1,8,450,46,82.9,72.9,37,27.0,14,4,3,7,7,28.6,21,57.1,13,14,1,0,40.5,49.1,45.2,7,0,5,318,58,73.3,59.9,12,8.3,10,4,3,6,4,40.0,17,47.1,21,7,4,1
68124,20200920,1500,4,8,MHSC,13,SCO,4,1,50.6,43.6,60.7,11,0,6,512,49,86.7,73.4,30,13.3,14,9,2,4,10,64.3,14,78.6,9,14,4,0,49.4,56.4,39.3,10,0,3,518,38,86.3,75.1,12,8.3,14,3,4,5,9,21.4,26,57.7,22,5,3,0
68128,20200920,1500,4,15,RCSA,20,DFCO,1,0,57.6,57.8,60.0,7,2,8,562,91,84.3,72.1,27,37.0,17,7,3,6,11,41.2,16,75.0,7,10,1,0,42.4,42.2,40.0,11,1,2,414,73,80.9,67.0,15,33.3,5,2,0,2,3,40.0,11,54.5,28,16,1,0
68125,20200920,1700,4,18,FCN,11,ASSE,2,2,56.2,51.7,64.9,14,3,4,418,45,83.0,75.3,34,29.4,15,3,2,4,11,20.0,10,40.0,10,12,2,0,43.8,48.3,35.1,9,0,2,339,57,72.3,44.4,8,12.5,6,4,1,4,2,66.7,22,68.2,25,17,2,0
68122,20200920,2100,4,5,OM,1,LOSC,1,1,56.7,50.4,48.1,8,0,5,499,70,77.2,61.9,25,12.0,11,2,3,5,6,18.2,18,72.2,6,12,3,0,43.3,49.6,51.9,12,5,4,391,68,76.7,67.1,14,35.7,14,7,1,5,9,50.0,15,60.0,16,18,3,0
68132,20200925,2100,5,1,LOSC,18,FCN,2,0,54.3,51.2,47.1,13,3,4,498,69,79.5,65.9,13,15.4,12,4,5,3,9,33.3,26,61.5,23,16,0,0,45.7,48.8,52.9,15,1,7,408,54,75.7,61.9,21,14.3,12,6,5,5,7,50.0,19,47.4,21,12,2,0
68138,20200926,1700,5,11,ASSE,6,SRFC,0,3,47.9,50.9,54.2,8,5,6,432,60,82.9,60.0,25,8.0,6,4,0,2,4,66.7,22,59.1,9,11,1,0,52.1,49.1,45.8,12,0,4,482,66,85.9,70.8,17,29.4,10,6,3,2,8,60.0,22,50.0,20,12,1,0
68134,20200926,2100,5,5,OM,10,FCM,1,1,60.6,58.9,67.6,17,2,5,563,46,84.5,72.2,22,27.3,17,3,3,8,9,17.6,23,52.2,16,15,0,0,39.4,41.1,32.4,24,4,5,368,62,77.2,61.5,15,20.0,14,3,6,7,7,21.4,11,27.3,21,11,2,0
68130,20200927,1300,5,12,FCGB,9,OGCN,0,0,46.0,51.0,50.0,28,1,7,475,52,86.1,75.2,23,21.7,18,5,6,5,13,27.8,17,64.7,14,9,1,0,54.0,49.0,50.0,16,0,7,561,36,86.8,73.9,22,4.5,13,2,2,9,4,15.4,18,55.6,12,15,1,0
68129,20200927,1500,5,13,SCO,17,SB29,3,2,52.4,44.6,36.6,14,5,6,510,60,80.6,68.3,19,31.6,12,5,3,3,9,41.7,16,81.3,9,17,3,0,47.6,55.4,63.4,16,1,1,471,84,77.1,69.7,12,58.3,14,6,2,2,12,42.9,29,65.5,19,21,2,0
68131,20200927,1500,5,20,DFCO,8,MHSC,2,2,39.0,49.6,59.5,12,2,6,307,69,72.0,54.1,15,26.7,15,5,8,5,10,33.3,21,47.6,27,15,4,0,61.0,50.4,40.5,9,2,13,475,71,80.6,69.2,31,35.5,14,5,3,5,9,35.7,15,80.0,15,11,1,0
68135,20200927,1500,5,3,ASM,15,RCSA,3,2,57.2,50.0,48.0,9,3,6,527,67,81.8,71.2,16,25.0,11,5,3,5,6,45.5,18,55.6,19,11,1,2,42.8,50.0,52.0,19,5,2,381,66,79.3,69.0,25,28.0,9,5,2,3,6,55.6,13,69.2,18,12,1,0
68136,20200927,1500,5,19,NO,7,RCL,1,1,50.3,50.0,44.2,17,2,5,429,98,71.8,58.6,21,23.8,13,4,5,10,3,30.8,18,27.8,16,10,0,0,49.7,50.0,55.8,13,1,7,422,73,74.6,64.3,21,23.8,15,5,4,7,8,33.3,12,66.7,22,16,3,0
68133,20200927,1700,5,16,FCL,4,OL,1,1,31.3,51.1,56.5,15,1,1,304,63,71.7,53.4,8,25.0,4,2,1,0,4,50.0,26,65.4,23,19,2,0,68.7,48.9,43.5,9,0,5,672,46,91.2,85.0,30,23.3,19,6,3,10,9,31.6,5,60.0,3,7,0,0
68137,20200927,2100,5,14,SDR,2,PSG,0,2,35.4,47.2,80.0,18,1,3,370,38,84.6,68.3,14,14.3,8,3,1,4,4,37.5,11,54.5,17,11,2,0,64.6,52.8,20.0,7,1,7,676,40,90.8,84.6,19,26.3,21,7,2,6,15,33.3,14,71.4,7,10,2,0
68146,20201002,2100,6,2,PSG,13,SCO,6,1,57.1,54.9,54.5,11,2,6,648,19,91.7,87.9,11,9.1,18,12,4,6,12,66.7,21,71.4,5,11,1,0,42.9,45.1,45.5,10,0,2,478,35,87.4,81.0,10,30.0,8,2,1,3,5,25.0,19,52.6,9,9,2,0
68141,20201003,1700,6,7,RCL,11,ASSE,2,0,66.7,49.3,64.3,5,2,12,533,78,85.7,73.2,28,14.3,13,5,2,5,8,38.5,25,60.0,8,23,1,0,33.3,50.7,35.7,8,0,0,275,58,72.0,47.9,5,0.0,2,1,0,0,2,50.0,13,53.8,20,10,1,2
68145,20201003,2100,6,9,OGCN,18,FCN,2,1,73.0,48.5,55.6,18,2,9,758,33,89.8,81.0,27,18.5,19,8,5,6,13,42.1,15,73.3,4,13,2,0,27.0,51.5,44.4,20,2,2,274,52,71.2,60.7,10,50.0,11,1,4,5,6,9.1,18,55.6,23,8,1,1
68144,20201004,1300,6,8,MHSC,19,NO,0,1,51.9,50.0,52.2,11,2,8,404,78,72.5,58.7,23,26.1,12,2,5,4,8,16.7,14,57.1,6,14,2,0,48.1,50.0,47.8,16,0,2,384,76,76.6,60.8,16,18.8,8,1,3,3,5,12.5,13,61.5,18,15,1,0
68139,20201004,1500,6,12,FCGB,20,DFCO,3,0,50.0,50.0,70.6,24,2,5,498,55,85.1,74.6,17,47.1,17,7,3,7,10,41.2,19,84.2,5,15,2,0,50.0,50.0,29.4,7,0,4,496,40,82.5,67.8,14,21.4,5,1,2,3,2,20.0,18,72.2,14,14,3,0
68140,20201004,1500,6,17,SB29,3,ASM,1,0,28.4,56.3,45.5,18,1,1,256,73,65.2,45.5,10,30.0,7,5,0,1,6,71.4,23,47.8,25,10,3,0,71.6,43.8,54.5,13,0,8,646,62,86.5,77.8,31,22.6,21,2,6,8,13,9.5,11,63.6,15,17,4,0
68143,20201004,1500,6,10,FCM,16,FCL,3,1,58.1,61.9,70.8,21,0,4,534,62,85.4,77.2,24,29.2,16,8,1,8,8,50.0,13,61.5,10,10,1,0,41.9,38.1,29.2,9,1,3,386,53,76.4,63.9,15,20.0,10,4,3,7,3,40.0,19,68.4,13,15,2,0
68148,20201004,1500,6,15,RCSA,1,LOSC,0,3,45.9,53.9,63.6,17,0,11,421,88,80.0,65.9,32,37.5,15,3,5,2,13,20.0,16,68.8,8,11,1,0,54.1,46.1,36.4,7,2,1,530,47,83.4,74.9,5,20.0,12,6,3,6,6,50.0,23,69.6,17,10,1,0
68147,20201004,1700,6,6,SRFC,14,SDR,2,2,73.8,51.1,62.5,7,0,10,651,47,88.6,76.1,37,29.7,19,3,7,7,12,15.8,8,62.5,5,12,4,0,26.2,48.9,37.5,11,2,2,232,48,67.2,47.1,9,44.4,9,4,1,3,6,44.4,18,44.4,29,16,3,0
68142,20201004,2100,6,4,OL,5,OM,1,1,67.7,56.3,61.8,8,1,19,531,51,88.3,79.0,51,19.6,24,3,6,7,17,12.5,17,58.8,13,14,1,0,32.3,43.8,38.2,11,0,5,266,48,71.4,54.7,8,0.0,3,1,0,2,1,33.3,13,53.8,47,10,2,1
68150,20201016,1900,7,20,DFCO,6,SRFC,1,1,39.0,43.3,39.4,15,2,3,361,69,77.6,64.3,10,40.0,12,4,3,5,7,33.3,17,58.8,29,22,4,0,61.0,56.7,60.6,14,1,5,561,57,82.9,73.2,20,10.0,12,3,3,6,6,25.0,21,71.4,9,13,2,0
68155,20201016,2100,7,19,NO,2,PSG,0,4,24.0,42.7,35.5,13,1,1,224,58,64.3,46.6,7,14.3,5,2,0,4,1,40.0,12,66.7,21,10,1,1,76.0,57.3,64.5,9,0,9,706,31,89.4,86.9,25,52.0,30,11,7,7,23,36.7,11,81.8,8,12,2,0
68156,20201017,1700,7,14,SDR,16,FCL,1,3,46.6,46.7,54.1,11,2,3,345,58,75.1,61.2,14,35.7,6,3,2,3,3,50.0,13,46.2,22,14,4,2,53.4,53.3,45.9,20,2,6,388,72,76.8,56.6,22,9.1,14,4,5,5,9,28.6,21,61.9,13,11,1,0
68152,20201017,2100,7,5,OM,12,FCGB,3,1,55.9,52.6,53.1,11,2,6,519,70,82.9,78.6,12,16.7,6,4,0,1,5,66.7,16,75.0,12,13,3,0,44.1,47.4,46.9,18,1,10,403,54,78.4,61.4,16,18.8,8,4,3,3,5,50.0,13,38.5,11,13,1,0
68158,20201018,1300,7,15,RCSA,4,OL,2,3,53.0,52.4,59.0,12,3,4,365,65,74.2,61.4,31,25.8,19,8,0,5,14,42.1,16,75.0,8,13,2,0,47.0,47.6,41.0,13,2,2,345,54,75.1,65.3,8,62.5,14,8,0,3,11,57.1,12,41.7,31,8,3,0
68149,20201018,1500,7,13,SCO,10,FCM,1,1,46.5,46.0,57.1,12,2,2,421,54,77.7,66.1,17,5.9,7,2,3,2,5,28.6,22,59.1,15,18,4,0,53.5,54.0,42.9,17,1,5,493,66,80.9,60.0,17,11.8,7,3,1,4,3,42.9,29,55.2,15,13,2,0
68153,20201018,1500,7,3,ASM,8,MHSC,1,1,80.3,57.4,52.3,7,2,10,678,56,86.6,79.5,44,22.7,21,7,7,10,11,33.3,13,46.2,4,13,2,0,19.7,42.6,47.7,21,3,2,165,71,52.7,42.9,8,25.0,3,2,0,1,2,66.7,8,62.5,42,13,1,1
68154,20201018,1500,7,18,FCN,17,SB29,3,1,39.7,51.4,47.4,12,6,2,347,62,70.0,65.2,10,20.0,12,8,2,2,10,66.7,20,60.0,11,15,3,0,60.3,48.6,52.6,15,3,6,520,74,80.6,68.8,20,40.0,14,5,1,7,7,35.7,17,52.9,5,15,2,0
68157,20201018,1700,7,11,ASSE,9,OGCN,1,3,45.9,45.6,66.7,12,2,7,428,53,84.1,68.9,27,14.8,11,4,5,4,7,36.4,18,55.6,8,15,2,0,54.1,54.4,33.3,10,1,3,525,62,81.3,62.9,10,20.0,10,5,1,3,7,50.0,27,70.4,23,10,5,0
68151,20201018,2100,7,1,LOSC,7,RCL,4,0,56.8,46.8,44.8,11,1,7,515,40,83.7,72.9,13,30.8,16,6,6,4,12,37.5,11,45.5,9,13,0,0,43.2,53.2,55.2,10,1,2,393,61,73.8,57.6,9,44.4,7,2,2,3,4,28.6,23,60.9,7,16,1,2
68168,20201023,2100,8,6,SRFC,13,SCO,1,2,63.7,48.6,57.1,10,2,5,688,52,89.5,82.8,28,17.9,11,1,3,2,9,9.1,19,47.4,7,11,2,0,36.3,51.4,42.9,17,2,4,399,44,82.2,67.4,10,10.0,10,4,5,2,8,40.0,17,41.2,30,5,0,0
68162,20201024,1700,8,16,FCL,5,OM,0,1,35.1,56.7,63.8,20,1,6,278,60,66.9,52.2,23,26.1,12,3,0,5,7,25.0,25,68.0,6,10,3,0,64.9,43.3,36.2,10,0,4,551,73,79.3,70.9,10,50.0,15,3,3,6,9,20.0,23,69.6,18,12,3,0
68167,20201024,2100,8,2,PSG,20,DFCO,4,0,55.2,57.9,66.7,11,2,4,538,30,90.9,84.4,12,58.3,20,9,3,3,17,45.0,21,76.2,16,12,0,0,44.8,42.1,33.3,12,0,10,420,37,89.0,78.5,24,33.3,16,3,5,5,11,18.8,15,80.0,8,18,2,0
68159,20201025,1500,8,12,FCGB,19,NO,2,0,59.3,60.2,60.0,11,2,7,552,43,88.6,74.8,22,22.7,20,6,5,5,15,30.0,14,64.3,19,9,3,0,40.7,39.8,40.0,8,1,4,378,67,79.6,56.5,17,17.6,8,4,0,3,5,50.0,20,65.0,21,16,3,0
68160,20201025,1500,8,17,SB29,15,RCSA,0,3,63.2,44.2,52.4,15,3,12,576,59,84.7,71.6,35,25.7,14,4,2,4,10,28.6,5,60.0,2,8,1,0,36.8,55.8,47.6,16,1,2,349,73,71.6,58.6,9,33.3,7,5,1,3,4,71.4,17,58.8,32,11,3,0
68164,20201025,1500,8,10,FCM,11,ASSE,2,0,42.4,50.0,44.7,22,1,5,323,63,71.8,55.1,16,12.5,6,3,0,4,2,50.0,22,86.4,18,11,3,0,57.6,50.0,55.3,15,1,3,439,54,79.5,67.0,19,15.8,10,0,4,5,5,0.0,21,71.4,19,18,3,0
68165,20201025,1500,8,8,MHSC,14,SDR,0,4,32.2,42.3,38.1,9,0,3,323,59,79.3,62.2,12,8.3,5,1,1,3,2,20.0,10,50.0,15,7,1,2,67.8,57.7,61.9,5,2,8,687,58,92.3,87.4,27,48.1,24,9,6,6,18,37.5,14,78.6,8,11,0,0
68166,20201025,1700,8,9,OGCN,1,LOSC,1,1,53.1,48.5,40.0,9,1,5,559,60,87.5,71.2,17,35.3,8,3,2,2,6,37.5,13,76.9,7,13,1,0,46.9,51.5,60.0,19,3,3,493,48,87.8,80.1,11,27.3,12,4,2,7,5,33.3,15,66.7,13,19,6,0
68163,20201025,2100,8,4,OL,3,ASM,4,1,34.1,48.6,40.0,16,3,2,291,47,77.0,64.9,11,54.5,15,6,3,5,10,40.0,15,66.7,26,12,3,1,65.9,51.4,60.0,11,0,12,561,55,85.2,73.1,30,33.3,18,5,7,7,11,27.8,16,68.8,7,15,4,0
68850,20201125,1900,8,7,RCL,18,FCN,1,1,49.4,57.6,57.7,9,1,6,439,77,72.9,56.2,16,18.8,7,1,3,4,3,14.3,23,69.6,11,14,4,0,50.6,42.4,42.3,10,0,2,452,64,77.0,62.8,10,30.0,11,3,5,2,9,27.3,9,33.3,13,18,2,0
68177,20201031,1700,9,6,SRFC,17,SB29,2,1,69.0,55.4,53.1,15,0,8,808,61,89.9,80.0,28,42.9,24,8,8,8,16,33.3,6,83.3,9,2,1,0,31.0,44.6,46.9,20,3,1,365,65,76.7,62.3,10,50.0,9,4,2,2,7,44.4,11,72.7,21,12,3,0
68174,20201031,2100,9,18,FCN,2,PSG,0,3,36.7,52.5,47.4,16,0,2,428,50,83.2,70.1,11,0.0,6,1,2,3,3,16.7,15,60.0,17,12,2,0,63.3,47.5,52.6,5,4,4,747,39,90.9,81.8,17,23.5,13,4,2,3,10,30.8,12,66.7,6,13,1,0
68178,20201101,1300,9,11,ASSE,8,MHSC,0,1,54.9,51.5,30.0,13,0,8,467,47,84.4,66.3,27,11.1,8,0,4,4,4,0.0,17,58.8,13,16,3,0,45.1,48.5,70.0,14,2,2,392,70,79.3,66.0,15,26.7,10,2,2,4,6,20.0,11,54.5,23,17,3,0
68169,20201101,1500,9,13,SCO,9,OGCN,0,3,51.6,44.6,45.8,4,0,9,477,38,85.5,74.7,29,13.8,11,5,2,5,6,45.5,22,59.1,9,18,5,0,48.4,55.4,54.2,11,1,5,461,61,82.2,69.1,13,30.8,12,5,5,5,7,41.7,22,68.2,27,12,2,0
68170,20201101,1500,9,20,DFCO,16,FCL,0,0,53.3,49.5,46.7,8,3,9,475,62,78.5,61.9,18,16.7,11,2,5,7,4,18.2,12,58.3,25,18,2,0,46.7,50.5,53.3,15,3,7,410,62,77.1,56.2,21,14.3,9,1,5,4,5,11.1,12,58.3,24,13,1,0
68175,20201101,1500,9,19,NO,10,FCM,0,1,67.0,46.6,51.1,9,1,10,560,71,81.8,68.1,39,17.9,16,2,6,9,7,12.5,12,66.7,7,13,3,0,33.0,53.4,48.9,22,1,1,283,70,67.1,53.3,9,11.1,8,5,2,4,4,62.5,21,76.2,28,15,2,1
68176,20201101,1500,9,14,SDR,15,RCSA,2,1,51.8,51.3,48.6,12,0,5,454,78,83.7,71.9,14,35.7,12,4,2,8,4,33.3,19,68.4,32,13,0,0,48.2,48.7,51.4,12,0,3,406,69,83.3,68.8,25,20.0,8,3,0,2,6,37.5,16,68.8,16,13,2,0
68173,20201101,1700,9,3,ASM,12,FCGB,4,0,52.3,45.5,46.4,13,2,10,474,60,86.9,73.3,19,31.6,17,6,6,4,13,35.3,16,81.3,11,10,2,0,47.7,54.5,53.6,6,1,4,439,46,81.3,65.5,8,37.5,5,0,4,2,3,0.0,12,75.0,14,12,2,0
68171,20201101,2100,9,1,LOSC,4,OL,1,1,60.3,45.9,41.9,9,0,9,600,65,88.7,83.1,29,10.3,15,6,5,11,4,40.0,19,63.2,7,14,3,0,39.7,54.1,58.1,15,0,4,400,58,81.3,67.0,12,41.7,8,1,3,3,5,12.5,19,57.9,22,10,1,1
68172,20210120,2100,9,5,OM,7,RCL,0,1,45.9,44.4,59.4,14,0,3,439,50,79.3,65.1,14,21.4,4,1,0,4,0,25.0,16,81.3,17,13,5,0,54.1,55.6,40.6,16,3,9,512,45,85.4,74.3,24,20.8,13,4,3,5,8,30.8,23,65.2,13,12,3,0
68188,20201106,2100,10,15,RCSA,5,OM,0,1,51.9,45.5,34.0,8,0,2,491,91,73.9,60.4,20,15.0,9,2,2,4,5,22.2,23,73.9,14,13,0,0,48.1,54.5,66.0,17,0,2,464,67,76.7,61.8,11,18.2,1,1,0,1,0,100.0,19,63.2,26,17,4,0
68179,20201107,1700,10,12,FCGB,8,MHSC,0,2,52.4,54.0,57.1,5,0,3,521,44,85.4,80.7,11,18.2,9,1,2,5,4,11.1,11,45.5,19,14,2,0,47.6,46.0,42.9,6,0,5,463,79,84.4,70.4,18,16.7,9,3,2,3,6,33.3,11,45.5,16,10,1,0
68187,20201107,2100,10,2,PSG,6,SRFC,3,0,49.0,46.2,50.0,18,1,3,513,61,84.8,76.1,7,28.6,9,5,0,6,3,55.6,7,57.1,24,19,3,0,51.0,53.8,50.0,17,1,7,509,53,85.5,75.7,26,30.8,16,3,6,6,10,18.8,14,50.0,6,15,0,0
68180,20201108,1300,10,17,SB29,1,LOSC,3,2,36.7,42.3,31.7,12,1,3,316,74,74.7,54.7,18,44.4,12,8,2,1,11,66.7,12,75.0,24,13,4,0,63.3,57.7,68.3,10,5,11,545,47,89.4,79.1,34,17.6,22,7,10,9,13,31.8,11,45.5,19,15,4,0
68181,20201108,1500,10,7,RCL,14,SDR,4,4,63.3,50.0,55.9,13,1,9,572,62,85.5,71.3,37,29.7,14,5,3,6,8,35.7,18,72.2,5,12,3,0,36.7,50.0,44.1,15,1,1,350,80,72.6,54.9,4,50.0,8,6,0,2,6,75.0,16,62.5,22,7,1,0
68182,20201108,1500,10,16,FCL,18,FCN,0,2,47.7,50.0,57.1,19,0,5,401,81,70.3,59.1,14,21.4,18,4,5,8,10,22.2,22,54.5,17,18,3,0,52.3,50.0,42.9,6,0,5,436,75,75.7,65.2,21,14.3,16,4,7,11,5,25.0,20,45.0,12,10,1,0
68184,20201108,1500,10,10,FCM,20,DFCO,1,1,44.8,45.5,48.7,7,1,5,370,49,83.8,67.6,25,20.0,15,4,4,5,10,26.7,13,46.2,17,19,2,0,55.2,54.5,51.3,5,0,6,484,53,84.5,62.8,15,33.3,15,7,1,4,11,46.7,14,85.7,19,12,1,0
68186,20201108,1500,10,19,NO,13,SCO,1,5,60.3,51.6,40.7,12,1,6,489,63,82.6,68.1,30,20.0,11,4,2,4,7,36.4,12,66.7,7,14,2,0,39.7,48.4,59.3,12,0,2,329,59,72.3,60.8,10,40.0,18,8,6,5,13,44.4,9,77.8,19,17,5,0
68185,20201108,1700,10,9,OGCN,3,ASM,1,2,62.4,54.9,58.1,10,2,1,603,61,85.2,74.1,16,6.3,8,4,2,5,3,50.0,11,54.5,10,8,2,0,37.6,45.1,41.9,10,1,4,362,69,77.1,58.0,10,20.0,15,8,2,3,12,53.3,23,52.2,19,16,2,0
68183,20201108,2100,10,4,OL,11,ASSE,2,1,59.8,51.7,71.4,10,3,3,447,35,81.4,72.8,7,28.6,18,6,3,4,14,33.3,20,65.0,17,19,5,0,40.2,48.3,28.6,18,0,5,287,65,67.2,50.6,17,47.1,15,4,8,7,8,26.7,31,45.2,8,19,3,0
68198,20201120,1900,11,6,SRFC,12,FCGB,0,1,59.1,51.6,47.8,4,3,7,519,57,78.2,68.9,25,32.0,14,2,3,6,8,14.3,22,59.1,10,18,2,0,40.9,48.4,52.2,15,1,3,372,63,73.7,62.6,9,22.2,6,3,1,3,3,50.0,15,53.3,31,19,2,0
68194,20201120,2100,11,3,ASM,2,PSG,3,2,52.6,53.2,33.3,17,0,2,541,45,84.8,75.5,15,20.0,15,5,2,5,10,33.3,26,53.8,10,12,2,0,47.4,46.8,66.7,15,4,1,491,33,87.2,76.8,9,22.2,9,4,0,4,5,44.4,13,69.2,14,19,3,1
68190,20201121,1700,11,17,SB29,11,ASSE,4,1,41.2,49.6,52.5,11,0,5,405,79,75.6,63.4,10,50.0,10,5,1,4,6,50.0,20,65.0,29,12,1,0,58.8,50.4,47.5,7,0,6,558,60,86.9,73.1,36,13.9,17,1,7,7,10,5.9,15,73.3,7,10,1,0
68196,20201122,1300,11,18,FCN,10,FCM,1,1,66.4,54.5,63.2,9,2,6,568,51,85.7,75.7,17,17.6,18,5,5,5,13,27.8,20,45.0,19,18,2,0,33.6,45.5,36.8,16,2,2,274,59,71.2,57.2,18,33.3,11,4,5,2,9,36.4,26,65.4,19,15,3,0
68191,20201122,1500,11,20,DFCO,7,RCL,0,1,52.7,43.0,46.7,14,1,8,512,72,81.8,67.6,22,22.7,11,2,4,3,8,18.2,19,63.2,14,15,2,0,47.3,57.0,53.3,23,1,6,462,67,80.1,68.7,19,15.8,8,4,1,2,6,50.0,19,84.2,21,7,0,0
68195,20201122,1500,11,8,MHSC,15,RCSA,4,3,57.4,50.5,50.0,10,0,11,486,55,86.4,72.5,29,27.6,21,9,2,5,16,42.9,9,66.7,17,16,2,0,42.6,49.5,50.0,17,1,3,371,67,75.7,59.4,12,16.7,9,5,1,2,7,55.6,10,50.0,20,11,1,0
68197,20201122,1500,11,14,SDR,19,NO,0,1,71.4,55.9,60.5,12,4,7,614,78,84.4,73.5,29,20.7,16,6,4,9,7,37.5,20,70.0,6,18,3,0,28.6,44.1,39.5,21,1,1,255,78,64.3,49.1,8,12.5,6,5,0,4,2,83.3,13,53.8,34,11,1,0
68189,20201122,1700,11,13,SCO,4,OL,0,1,50.5,55.8,57.1,16,0,8,453,55,82.1,69.3,33,12.1,19,8,5,10,9,42.1,19,63.2,19,12,2,0,49.5,44.2,42.9,13,3,3,460,40,83.0,70.5,16,25.0,5,2,1,0,5,40.0,14,57.1,23,12,3,0
68192,20201122,2100,11,1,LOSC,16,FCL,4,0,63.7,50.5,47.6,17,0,9,695,62,87.3,81.8,22,36.4,31,13,10,11,20,41.9,19,52.6,4,10,1,0,36.3,49.5,52.4,16,0,4,396,65,76.8,57.1,7,14.3,7,2,4,2,5,28.6,28,53.6,16,11,3,0
68193,20210217,2100,11,5,OM,9,OGCN,3,2,44.7,55.9,44.8,13,1,5,429,73,79.3,63.9,20,10.0,8,4,2,4,4,50.0,25,52.0,16,10,2,0,55.3,44.1,55.2,12,2,3,540,35,85.0,74.5,15,26.7,10,4,1,3,7,40.0,8,100.0,23,13,1,0
68208,20201127,2100,12,15,RCSA,6,SRFC,1,1,31.3,51.5,47.5,14,1,2,291,72,72.2,58.0,8,0.0,6,3,1,4,2,50.0,16,62.5,23,11,0,1,68.7,48.5,52.5,10,0,7,620,48,88.4,81.5,38,23.7,21,7,6,8,13,33.3,9,55.6,9,12,0,0
68202,20201128,1700,12,5,OM,18,FCN,3,1,57.2,47.4,57.1,9,2,3,478,48,83.5,68.6,12,33.3,15,9,2,3,12,60.0,21,71.4,18,16,4,0,42.8,52.6,42.9,12,1,7,343,36,81.0,62.6,23,17.4,6,2,1,3,3,33.3,18,66.7,9,11,2,0
68206,20201128,2100,12,2,PSG,12,FCGB,2,2,65.8,53.8,55.6,11,4,14,631,35,88.6,79.0,28,7.1,16,9,2,3,13,56.3,20,55.0,16,8,1,0,34.2,46.2,44.4,22,1,5,330,61,78.5,70.9,13,7.7,18,4,6,8,10,22.2,20,65.0,37,10,1,0
68201,20201129,1300,12,4,OL,14,SDR,3,0,64.0,44.6,70.6,9,3,4,636,29,90.1,84.5,13,30.8,15,4,2,7,8,26.7,17,41.2,14,20,2,0,36.0,55.4,29.4,12,3,2,353,56,82.2,71.2,11,18.2,9,2,2,6,3,22.2,24,45.8,12,11,1,1
68199,20201129,1500,12,7,RCL,13,SCO,1,3,64.5,57.0,60.0,10,0,1,620,34,88.1,79.3,24,20.8,13,5,2,6,7,38.5,17,58.8,11,15,2,0,35.5,43.0,40.0,18,1,7,339,53,77.9,62.9,14,21.4,18,6,3,6,12,33.3,15,80.0,22,13,2,0
68200,20201129,1500,12,16,FCL,8,MHSC,0,1,41.7,46.7,37.5,13,3,2,357,62,74.5,56.3,14,28.6,8,2,0,3,5,25.0,15,40.0,24,13,2,0,58.3,53.3,62.5,12,1,4,499,86,80.6,67.4,22,31.8,16,3,4,2,14,18.8,12,83.3,12,14,1,0
68203,20201129,1500,12,10,FCM,17,SB29,0,2,46.7,45.5,40.0,17,0,10,453,50,84.3,74.2,28,14.3,15,6,4,7,8,40.0,14,64.3,11,11,2,0,53.3,54.5,60.0,12,2,5,530,68,85.1,68.2,17,23.5,11,4,2,4,7,36.4,26,53.8,29,10,1,0
68204,20201129,1500,12,3,ASM,19,NO,3,0,67.6,53.2,66.7,14,2,8,614,72,88.1,81.7,27,25.9,17,5,6,4,13,29.4,17,64.7,7,16,1,0,32.4,46.8,33.3,7,1,3,293,64,70.0,53.1,14,21.4,6,2,0,3,3,33.3,18,66.7,24,9,1,1
68205,20201129,1700,12,9,OGCN,20,DFCO,1,3,61.8,57.3,50.0,10,5,11,624,37,86.2,77.6,16,31.3,23,7,4,8,15,30.4,19,73.7,12,7,3,0,38.2,42.7,50.0,19,0,1,386,70,79.8,69.1,9,22.2,9,4,2,3,6,44.4,15,53.3,27,21,3,0
68207,20201129,2100,12,11,ASSE,1,LOSC,1,1,38.1,46.0,47.4,12,1,3,357,61,72.5,50.0,10,0.0,7,5,1,4,3,71.4,23,56.5,22,15,4,0,61.9,54.0,52.6,12,2,3,570,65,80.9,70.4,19,15.8,9,2,2,5,4,22.2,27,51.9,8,13,1,0
68216,20201204,2100,13,19,NO,5,OM,0,2,31.6,46.2,40.0,12,2,1,297,63,70.0,50.0,8,37.5,7,0,1,3,4,0.0,10,50.0,15,11,1,1,68.4,53.8,60.0,9,4,8,635,65,85.0,74.5,23,34.8,17,4,6,3,14,23.5,13,76.9,7,18,4,0
68218,20201205,1700,13,6,SRFC,7,RCL,0,2,59.9,50.4,54.5,8,0,8,501,74,77.2,60.3,27,7.4,10,4,2,4,6,40.0,19,68.4,16,17,1,0,40.1,49.6,45.5,12,1,3,341,80,66.3,52.1,13,0.0,6,4,0,3,3,66.7,18,50.0,23,16,3,0
68214,20201205,2100,13,8,MHSC,2,PSG,1,3,35.0,52.2,46.9,13,1,3,357,58,77.0,63.7,16,31.3,17,2,5,9,8,11.8,21,66.7,14,12,1,0,65.0,47.8,53.1,13,2,3,679,29,89.0,79.0,14,14.3,13,6,2,3,10,46.2,18,38.9,12,14,3,0
68212,20201206,1300,13,1,LOSC,3,ASM,2,1,41.6,47.8,53.3,13,0,1,425,66,79.8,73.3,4,0.0,10,5,2,5,5,50.0,21,52.4,23,12,3,0,58.4,52.2,46.7,8,0,3,586,54,83.6,69.3,25,16.0,8,3,2,3,5,37.5,23,65.2,8,11,0,0
68209,20201206,1500,13,13,SCO,16,FCL,2,0,47.5,49.0,56.8,9,1,2,450,88,75.1,60.2,9,0.0,10,3,2,3,7,30.0,24,58.3,29,13,3,0,52.5,51.0,43.2,15,0,12,476,74,78.2,57.9,32,12.5,12,3,2,9,3,25.0,27,33.3,13,11,0,0
68210,20201206,1500,13,12,FCGB,17,SB29,1,0,58.4,51.6,38.7,11,1,8,667,62,90.7,85.9,22,22.7,21,6,4,9,12,28.6,10,70.0,19,10,0,0,41.6,48.4,61.3,7,4,2,475,55,84.2,72.4,13,15.4,8,3,3,7,1,37.5,11,72.7,21,11,3,0
68211,20201206,1500,13,20,DFCO,11,ASSE,0,0,40.8,50.4,50.0,15,0,7,369,74,67.2,56.7,17,11.8,6,1,1,2,4,16.7,16,81.3,29,15,0,0,59.2,49.6,50.0,22,2,4,528,56,79.2,62.3,30,13.3,7,2,1,4,3,28.6,17,52.9,16,13,1,0
68215,20201206,1500,13,18,FCN,15,RCSA,0,4,62.3,42.9,32.4,8,1,7,568,36,85.7,76.6,24,20.8,14,2,6,5,9,14.3,14,71.4,11,13,3,0,37.7,57.1,67.6,21,2,3,352,88,74.1,64.5,7,42.9,12,8,0,3,9,66.7,16,75.0,10,13,2,0
68217,20201206,1700,13,14,SDR,9,OGCN,0,0,35.2,47.7,57.1,13,3,6,341,56,73.3,58.4,14,0.0,11,2,4,4,7,18.2,16,50.0,18,12,1,0,64.8,52.3,42.9,17,1,6,644,52,83.4,71.6,16,12.5,12,4,6,5,7,33.3,22,63.6,22,13,2,0
68213,20201206,2100,13,10,FCM,4,OL,1,3,46.3,50.6,23.5,10,0,5,447,54,84.3,73.9,20,25.0,12,5,3,6,6,41.7,14,64.3,14,14,1,1,53.7,49.4,76.5,19,1,6,524,57,87.4,74.8,16,37.5,18,5,5,4,14,27.8,12,50.0,11,14,0,1
68227,20201211,2100,14,11,ASSE,13,SCO,0,0,62.4,61.6,70.8,9,2,5,629,43,85.2,72.9,22,22.7,14,3,3,5,9,21.4,18,55.6,12,16,3,0,37.6,38.4,29.2,18,1,6,376,60,78.5,63.2,15,13.3,8,3,3,3,5,37.5,14,50.0,17,15,3,0
68223,20201212,1700,14,5,OM,3,ASM,2,1,39.1,46.2,48.9,12,1,1,355,72,68.5,55.9,10,10.0,5,2,1,1,4,40.0,23,47.8,23,22,3,0,60.9,53.8,51.1,10,4,3,551,60,78.6,71.3,21,38.1,9,4,1,1,8,44.4,16,50.0,10,10,2,0
68220,20201212,2100,14,7,RCL,8,MHSC,2,3,59.2,55.2,54.0,7,1,6,525,45,84.2,71.5,26,23.1,14,4,3,4,10,28.6,16,37.5,14,11,1,0,40.8,44.8,46.0,18,0,4,358,77,73.5,55.2,20,30.0,10,7,2,2,8,70.0,13,61.5,24,14,1,0
68225,20201213,1300,14,9,OGCN,6,SRFC,0,1,54.2,40.8,48.0,14,1,3,552,45,85.0,77.8,19,31.6,11,3,2,6,5,27.3,11,54.5,11,16,2,0,45.8,59.2,52.0,12,1,6,463,57,84.2,74.8,17,47.1,16,6,3,5,11,37.5,22,40.9,13,10,1,0
68219,20201213,1500,14,17,SB29,14,SDR,2,1,51.4,52.3,65.4,8,1,3,484,71,80.2,63.6,13,23.1,10,6,0,1,9,60.0,11,45.5,18,12,1,0,48.6,47.7,34.6,12,3,4,450,65,82.9,69.3,18,22.2,10,4,1,4,6,40.0,11,54.5,11,11,1,0
68222,20201213,1500,14,16,FCL,19,NO,3,0,43.9,44.7,50.0,11,2,2,397,57,73.8,62.4,10,40.0,13,5,2,2,11,38.5,14,71.4,34,18,2,0,56.1,55.3,50.0,16,0,3,498,79,77.1,56.8,20,15.0,6,2,2,1,5,33.3,16,56.3,10,7,0,0
68224,20201213,1500,14,18,FCN,20,DFCO,1,1,37.2,61.1,66.7,18,0,4,339,66,67.0,49.8,19,31.6,17,6,5,6,11,35.3,15,73.3,26,11,2,0,62.8,38.9,33.3,17,3,4,569,65,83.8,67.9,29,10.3,13,4,2,4,9,30.8,10,70.0,7,16,2,0
68228,20201213,1500,14,15,RCSA,10,FCM,2,2,56.9,48.1,33.3,13,0,5,502,67,79.9,65.5,25,20.0,17,4,1,9,8,23.5,12,58.3,4,11,3,0,43.1,51.9,66.7,15,2,4,385,66,72.7,58.4,12,33.3,6,3,1,2,4,50.0,14,50.0,20,16,5,0
68221,20201213,1700,14,1,LOSC,12,FCGB,2,1,55.7,55.6,61.3,14,2,8,527,57,84.3,77.1,22,27.3,15,5,2,6,9,33.3,29,62.1,15,14,0,0,44.3,44.4,38.7,19,0,3,420,56,79.8,64.0,13,23.1,4,3,0,2,2,75.0,14,78.6,19,10,2,0
68226,20201213,2100,14,2,PSG,4,OL,0,1,64.9,49.6,31.3,12,2,5,601,31,89.2,81.7,25,32.0,7,1,3,1,6,14.3,12,66.7,9,11,4,0,35.1,50.4,68.8,12,3,5,331,58,80.1,70.0,11,9.1,9,5,3,5,4,55.6,17,47.1,24,17,1,1
68229,20201216,1900,15,13,SCO,15,RCSA,0,2,55.9,51.9,48.4,10,1,6,526,50,84.0,71.2,22,27.3,9,2,4,6,3,22.2,17,70.6,10,9,1,0,44.1,48.1,51.6,15,1,2,417,60,79.6,69.5,16,18.8,7,3,1,4,3,42.9,19,68.4,23,11,2,0
68231,20201216,1900,15,20,DFCO,1,LOSC,0,2,46.7,40.4,36.0,21,0,5,419,62,81.4,65.6,13,0.0,6,1,1,5,1,16.7,9,88.9,20,21,0,0,53.3,59.6,64.0,17,2,4,484,57,81.2,70.7,13,30.8,10,5,0,5,5,50.0,15,73.3,7,8,0,0
68234,20201216,1900,15,8,MHSC,10,FCM,0,2,58.6,48.4,55.6,5,0,10,515,59,83.5,68.5,41,14.6,14,3,2,6,8,21.4,13,69.2,7,11,3,0,41.4,51.6,44.4,16,1,2,382,72,80.9,69.2,10,30.0,9,5,1,3,6,55.6,15,60.0,33,9,3,0
68235,20201216,1900,15,19,NO,9,OGCN,0,2,44.7,55.6,60.9,18,1,4,420,63,80.7,70.7,16,43.8,15,4,2,7,8,26.7,21,66.7,17,8,1,0,55.3,44.4,39.1,11,0,5,523,52,86.4,78.2,12,25.0,14,6,1,3,11,42.9,17,76.5,15,10,0,1
68237,20201216,1900,15,14,SDR,18,FCN,3,2,45.2,51.2,56.4,11,4,3,389,67,79.4,69.5,13,30.8,13,4,3,5,8,30.8,18,55.6,26,13,2,0,54.8,48.8,43.6,16,0,6,470,62,81.1,72.4,23,21.7,18,7,6,10,8,38.9,19,57.9,18,13,2,0
68230,20201216,2100,15,12,FCGB,11,ASSE,1,2,52.1,49.1,58.3,13,2,3,477,55,82.4,68.0,13,30.8,11,3,4,4,7,27.3,20,55.0,9,12,3,0,47.9,50.9,41.7,12,0,4,439,47,83.1,72.1,13,23.1,19,8,5,11,8,42.1,18,55.6,15,14,2,0
68232,20201216,2100,15,4,OL,17,SB29,2,2,56.6,41.5,52.9,12,1,12,531,35,89.1,80.1,33,12.1,28,11,7,11,17,39.3,9,44.4,9,13,3,0,43.4,58.5,47.1,13,2,3,424,48,81.4,66.9,5,0.0,8,2,3,4,4,25.0,10,80.0,29,5,0,1
68233,20201216,2100,15,3,ASM,7,RCL,0,3,32.0,55.4,50.0,21,3,3,325,58,75.4,56.4,15,26.7,7,1,2,2,5,14.3,20,40.0,3,8,2,1,68.0,44.6,50.0,13,0,3,711,60,88.6,79.4,13,30.8,8,4,1,4,4,50.0,17,52.9,8,17,4,0
68236,20201216,2100,15,2,PSG,16,FCL,2,0,74.6,50.9,76.2,8,0,10,776,25,90.3,86.1,18,38.9,24,8,6,10,14,33.3,18,77.8,7,19,3,0,25.4,49.1,23.8,11,0,2,259,45,71.0,58.8,9,22.2,8,3,1,2,6,37.5,24,50.0,16,9,0,1
68238,20201216,2100,15,6,SRFC,5,OM,2,1,67.1,52.3,62.9,5,1,9,580,58,85.0,77.7,33,24.2,15,5,6,7,8,33.3,14,64.3,6,19,1,0,32.9,47.7,37.1,15,0,1,295,69,69.8,55.0,4,25.0,8,1,1,3,5,12.5,12,33.3,26,15,2,1
68244,20201219,1700,16,10,FCM,7,RCL,2,0,39.1,41.5,45.2,19,0,8,317,62,73.5,56.0,17,23.5,12,4,2,3,9,33.3,15,46.7,18,17,1,0,60.9,58.5,54.8,16,1,4,502,41,80.7,69.0,16,12.5,17,3,8,9,8,17.6,18,38.9,12,8,1,0
68243,20201219,1900,16,5,OM,14,SDR,1,1,71.0,53.4,56.5,12,1,7,653,43,88.5,77.8,24,16.7,12,6,2,3,9,50.0,24,45.8,7,11,1,0,29.0,46.6,43.5,10,2,3,270,63,71.9,48.1,6,0.0,3,1,1,1,2,33.3,25,72.0,31,11,3,0
68246,20201219,2100,16,9,OGCN,4,OL,1,4,54.7,37.6,55.6,13,1,8,592,41,88.9,80.4,23,17.4,8,1,3,4,4,12.5,14,50.0,8,17,1,0,45.3,62.4,44.4,15,1,2,502,45,88.0,80.5,7,0.0,13,9,0,4,9,69.2,28,60.7,19,9,1,0
68239,20201220,1300,16,17,SB29,8,MHSC,2,2,55.3,54.3,60.0,9,1,6,549,58,88.7,77.7,27,44.4,17,7,3,6,11,41.2,5,60.0,19,14,2,0,44.7,45.7,40.0,6,0,4,430,51,86.3,73.5,30,23.3,10,4,2,4,6,40.0,8,62.5,21,15,1,0
68240,20201220,1500,16,20,DFCO,3,ASM,0,1,51.7,46.8,43.2,12,3,2,446,55,82.3,68.6,18,33.3,11,1,0,3,8,9.1,11,45.5,13,13,2,0,48.3,53.2,56.8,10,2,6,419,72,79.7,65.8,21,28.6,13,6,3,3,10,46.2,16,50.0,20,14,1,0
68245,20201220,1500,16,18,FCN,13,SCO,1,1,60.5,48.2,40.4,8,0,5,585,57,80.0,70.9,23,17.4,9,2,2,3,6,22.2,25,56.0,20,16,4,0,39.5,51.8,59.6,21,0,6,375,71,70.9,57.6,23,17.4,12,6,2,5,7,50.0,19,47.4,21,13,0,0
68247,20201220,1500,16,11,ASSE,19,NO,2,2,59.3,47.5,41.4,11,2,6,479,40,84.8,76.0,26,38.5,18,9,3,7,11,50.0,21,52.4,10,15,2,0,40.7,52.5,58.6,15,0,3,330,63,75.5,61.7,15,40.0,9,4,2,5,4,44.4,15,73.3,20,9,3,0
68248,20201220,1500,16,15,RCSA,12,FCGB,0,2,54.3,45.5,40.5,7,2,5,447,80,78.7,64.9,25,12.0,10,3,6,4,6,30.0,16,68.8,7,15,2,0,45.7,54.5,59.5,13,3,3,391,59,78.5,62.9,7,42.9,11,6,2,2,9,54.5,19,57.9,26,12,1,0
68242,20201220,1700,16,16,FCL,6,SRFC,0,3,43.2,43.9,64.0,18,0,1,438,65,83.1,69.5,11,45.5,11,2,1,4,7,18.2,16,68.8,8,19,1,0,56.8,56.1,36.0,11,0,2,572,59,85.8,77.5,16,31.3,15,4,7,6,9,26.7,12,58.3,11,9,2,0
68241,20201220,2100,16,1,LOSC,2,PSG,0,0,30.6,43.5,42.9,22,2,4,336,56,75.9,63.7,6,33.3,8,3,3,4,4,37.5,19,47.4,16,12,0,0,69.4,56.5,57.1,9,1,5,755,44,87.8,77.5,21,28.6,8,1,2,1,7,12.5,22,68.2,5,11,2,0
68250,20201223,1900,17,12,FCGB,14,SDR,1,3,62.1,50.6,75.0,17,0,5,663,46,89.3,77.9,26,15.4,9,3,2,4,5,33.3,8,37.5,8,11,3,0,37.9,49.4,25.0,9,2,5,410,69,80.2,66.7,10,30.0,10,5,4,5,5,50.0,18,44.4,15,12,1,0
68251,20201223,1900,17,7,RCL,17,SB29,2,1,47.1,49.1,48.6,12,1,3,459,82,82.1,70.0,12,16.7,11,4,1,1,10,36.4,15,40.0,17,13,0,0,52.9,50.9,51.4,6,1,6,505,54,83.0,70.0,23,21.7,10,3,4,2,8,30.0,19,47.4,11,13,2,0
68255,20201223,1900,17,9,OGCN,16,FCL,2,2,41.9,48.2,57.1,11,1,0,435,53,81.8,68.1,5,20.0,3,3,0,1,2,100.0,9,77.8,20,11,3,1,58.1,51.8,42.9,13,0,10,581,39,88.5,77.6,33,27.3,24,6,7,13,11,25.0,18,72.2,5,13,4,0
68256,20201223,1900,17,19,NO,20,DFCO,1,3,46.1,47.4,45.7,11,3,7,378,62,75.7,54.7,21,14.3,8,1,3,3,5,12.5,15,80.0,14,10,2,1,53.9,52.6,54.3,5,5,3,449,67,80.0,69.7,17,47.1,14,4,5,2,12,28.6,14,50.0,20,11,2,0
68258,20201223,1900,17,6,SRFC,10,FCM,1,0,62.1,47.7,50.0,7,0,6,615,56,84.9,75.2,20,15.0,11,6,2,3,8,54.5,11,36.4,20,14,1,0,37.9,52.3,50.0,14,2,5,369,56,77.0,61.4,16,6.3,9,4,2,3,6,44.4,13,53.8,23,18,1,0
68249,20201223,2100,17,13,SCO,5,OM,2,1,29.6,39.4,50.0,11,2,2,241,49,72.2,59.2,20,20.0,9,2,3,2,7,22.2,10,60.0,18,14,2,0,70.4,60.6,50.0,7,1,8,605,51,82.5,71.4,19,31.6,8,2,1,3,5,25.0,23,73.9,17,14,4,0
68252,20201223,2100,17,4,OL,18,FCN,3,0,64.9,47.7,45.0,8,1,9,676,46,89.2,78.0,9,11.1,22,11,7,3,19,50.0,10,60.0,14,11,1,0,35.1,52.3,55.0,11,2,7,349,41,80.5,67.5,20,15.0,18,4,5,5,13,22.2,22,68.2,12,13,3,0
68253,20201223,2100,17,3,ASM,11,ASSE,2,2,39.5,55.1,42.9,15,0,0,327,71,70.0,51.7,7,0.0,2,2,0,0,2,100.0,20,60.0,27,12,3,1,60.5,44.9,57.1,8,2,10,474,54,80.8,69.2,36,25.0,18,6,1,6,12,33.3,9,66.7,7,13,2,0
68254,20201223,2100,17,8,MHSC,1,LOSC,2,3,46.9,51.7,50.0,5,0,6,402,55,81.6,68.0,29,31.0,17,6,6,7,10,35.3,13,61.5,10,13,3,0,53.1,48.3,50.0,16,2,4,482,72,84.2,75.6,9,44.4,9,7,0,4,5,77.8,12,41.7,23,11,2,0
68257,20201223,2100,17,2,PSG,15,RCSA,4,0,68.9,41.8,50.0,10,2,5,794,16,93.1,90.4,12,33.3,17,8,3,6,11,47.1,9,77.8,14,7,0,0,31.1,58.2,50.0,14,1,5,341,60,82.4,63.2,17,11.8,8,2,3,4,4,25.0,23,39.1,14,9,0,0
68259,20210106,1900,18,17,SB29,9,OGCN,2,0,39.2,58.1,62.5,13,2,6,410,67,75.9,62.0,11,36.4,10,6,1,3,7,60.0,16,68.8,26,12,2,0,60.8,41.9,37.5,11,0,6,633,49,85.5,78.3,27,25.9,12,6,1,3,9,50.0,10,30.0,6,8,3,0
68261,20210106,1900,18,16,FCL,3,ASM,2,5,40.6,44.6,48.1,15,2,5,386,43,80.8,67.7,15,13.3,11,5,2,8,3,45.5,11,63.6,14,9,1,1,59.4,55.4,51.9,15,1,8,579,36,87.0,80.7,20,25.0,15,9,5,6,9,60.0,20,65.0,17,9,3,0
68264,20210106,1900,18,10,FCM,12,FCGB,0,0,42.8,53.7,46.7,12,3,3,430,52,80.7,66.4,18,27.8,9,3,4,3,6,33.3,15,66.7,11,10,1,0,57.2,46.3,53.3,6,1,2,588,37,86.9,73.2,13,23.1,12,3,5,5,7,25.0,18,50.0,10,20,2,0
68265,20210106,1900,18,18,FCN,6,SRFC,0,0,28.0,53.1,51.3,14,0,6,302,55,72.2,60.5,15,6.7,7,2,2,3,4,28.6,14,42.9,22,13,2,0,72.0,46.9,48.7,9,0,3,795,53,89.7,82.4,23,17.4,8,0,5,2,6,0.0,8,50.0,18,13,3,0
68268,20210106,1900,18,15,RCSA,19,NO,5,0,59.4,53.0,65.0,18,0,10,553,48,86.6,77.0,30,50.0,21,12,4,4,17,57.1,19,68.4,11,12,1,0,40.6,47.0,35.0,15,0,5,381,34,82.4,64.8,12,16.7,6,2,3,0,6,33.3,11,54.5,25,6,2,0
68260,20210106,2100,18,1,LOSC,13,SCO,1,2,66.1,54.0,61.5,10,2,8,651,55,83.3,76.0,25,8.0,7,2,2,4,3,28.6,21,57.1,13,12,3,0,33.9,46.0,38.5,16,1,6,329,50,68.1,62.2,18,16.7,7,3,1,4,3,42.9,23,65.2,26,10,1,0
68262,20210106,2100,18,4,OL,7,RCL,3,2,49.9,43.9,50.0,12,2,7,442,52,82.6,69.9,14,7.1,11,6,1,5,6,54.5,9,66.7,17,9,1,0,50.1,56.1,50.0,18,2,4,434,49,82.9,68.8,20,20.0,11,3,3,5,6,27.3,17,64.7,21,10,2,0
68263,20210106,2100,18,5,OM,8,MHSC,3,1,56.7,53.9,50.0,15,0,5,591,48,87.1,80.5,18,22.2,18,7,4,6,12,38.9,15,66.7,15,4,0,0,43.3,46.1,50.0,12,6,1,447,47,79.9,64.1,18,16.7,13,5,1,5,8,38.5,17,82.4,17,6,0,0
68266,20210106,2100,18,14,SDR,20,DFCO,0,0,57.0,45.6,62.1,22,1,7,532,49,84.8,69.2,21,14.3,9,3,3,4,5,33.3,15,53.3,15,13,2,0,43.0,54.4,37.9,14,0,5,403,56,77.7,63.9,16,25.0,8,0,4,6,2,0.0,22,72.7,15,8,3,0
68267,20210106,2100,18,11,ASSE,2,PSG,1,1,31.6,46.9,46.2,10,1,9,318,57,73.3,57.7,25,24.0,11,5,1,2,9,45.5,14,71.4,28,13,1,0,68.4,53.1,53.8,11,1,10,719,43,89.3,84.7,29,20.7,11,4,1,1,10,36.4,20,85.0,24,12,1,0
68269,20210109,2100,19,12,FCGB,16,FCL,2,1,48.5,52.1,58.8,10,1,5,488,72,80.1,69.4,13,38.5,16,6,3,5,11,37.5,18,50.0,14,10,2,0,51.5,47.9,41.2,15,4,3,522,66,82.6,75.6,16,12.5,12,4,3,5,7,33.3,19,63.2,16,10,0,0
68270,20210109,2100,19,20,DFCO,5,OM,0,0,41.2,50.5,46.9,21,5,0,395,61,76.7,61.5,10,30.0,4,0,0,2,2,0.0,15,60.0,27,13,3,0,58.8,49.5,53.1,12,3,6,555,54,79.3,63.8,24,8.3,11,4,2,3,8,36.4,15,60.0,12,13,2,0
68271,20210109,2100,19,7,RCL,15,RCSA,0,1,65.2,52.2,57.1,13,2,4,586,43,85.7,74.9,22,22.7,11,2,3,4,7,18.2,9,66.7,5,16,1,0,34.8,47.8,42.9,18,1,4,315,84,66.3,51.7,9,11.1,10,4,3,3,7,40.0,14,92.9,18,15,1,0
68272,20210109,2100,19,10,FCM,9,OGCN,1,1,43.7,45.6,60.0,14,4,5,387,58,77.8,65.3,21,19.0,16,5,6,9,7,31.3,14,85.7,17,19,2,0,56.3,54.4,40.0,14,1,2,515,48,83.1,71.2,13,7.7,11,4,6,6,5,36.4,17,76.5,15,8,2,0
68273,20210109,2100,19,3,ASM,13,SCO,3,0,55.9,53.7,56.8,17,3,5,602,63,84.1,69.3,17,17.6,13,4,2,2,11,30.8,18,77.8,12,9,2,0,44.1,46.3,43.2,14,0,2,473,67,75.5,61.8,12,33.3,6,2,1,2,4,33.3,13,69.2,13,10,0,0
68274,20210109,2100,19,8,MHSC,18,FCN,1,1,47.1,42.9,52.0,8,1,1,424,64,82.5,70.5,15,13.3,8,6,1,1,7,75.0,11,63.6,19,18,5,0,52.9,57.1,48.0,16,2,8,474,45,86.9,77.2,22,27.3,12,3,2,10,2,25.0,12,50.0,14,11,0,0
68275,20210109,2100,19,19,NO,1,LOSC,0,1,48.5,46.9,38.1,13,1,2,482,72,79.7,59.2,14,0.0,7,0,4,2,5,0.0,18,61.1,9,12,0,0,51.5,53.1,61.9,11,1,3,521,63,83.3,73.1,12,25.0,10,2,4,2,8,20.0,19,68.4,16,13,3,0
68276,20210109,2100,19,2,PSG,17,SB29,3,0,60.8,52.5,50.0,13,3,7,671,39,90.9,86.4,22,27.3,22,11,5,5,17,50.0,17,52.9,12,7,1,0,39.2,47.5,50.0,11,0,4,425,36,84.7,75.2,18,11.1,12,2,4,6,6,16.7,25,64.0,16,13,1,0
68277,20210109,2100,19,14,SDR,11,ASSE,3,1,34.7,46.2,44.4,20,0,0,305,70,70.2,52.6,7,28.6,7,3,1,3,4,42.9,21,47.6,21,19,2,0,65.3,53.8,55.6,10,2,3,568,48,84.0,70.9,21,23.8,14,6,3,3,11,42.9,19,57.9,5,17,4,0
68278,20210109,2100,19,6,SRFC,4,OL,2,2,55.0,52.4,54.2,18,1,2,601,67,86.5,80.3,13,15.4,14,6,2,7,7,42.9,22,40.9,21,12,1,0,45.0,47.6,45.8,15,0,5,486,41,83.7,74.6,17,17.6,13,4,2,6,7,30.8,18,61.1,10,16,2,0
68285,20210115,2100,20,8,MHSC,3,ASM,2,3,51.3,45.6,52.8,14,1,5,441,76,74.1,57.3,11,27.3,9,3,5,2,7,33.3,12,83.3,9,17,2,0,48.7,54.4,47.2,17,1,6,423,68,71.4,58.7,12,50.0,16,5,5,3,13,31.3,23,69.6,14,12,3,0
68284,20210116,1700,20,5,OM,19,NO,1,2,64.4,50.6,43.5,13,1,7,657,43,86.5,79.2,26,26.9,14,6,4,4,10,42.9,23,52.2,11,13,2,0,35.6,49.4,56.5,11,7,3,360,60,76.7,55.9,14,28.6,8,5,1,2,6,62.5,14,64.3,28,6,2,0
68279,20210116,2100,20,13,SCO,2,PSG,0,1,39.0,45.4,56.3,20,1,5,412,58,78.6,64.6,18,22.2,11,4,3,5,6,36.4,17,41.2,16,11,0,0,61.0,54.6,43.8,12,2,7,670,33,87.3,76.4,13,23.1,11,3,2,3,8,27.3,15,60.0,17,13,2,0
68280,20210117,1300,20,17,SB29,6,SRFC,1,2,41.6,47.7,46.2,17,2,3,441,53,82.3,67.1,22,31.8,14,4,3,0,14,28.6,11,54.5,13,9,1,0,58.4,52.3,53.8,7,0,3,632,57,88.4,80.0,16,18.8,7,4,0,2,5,57.1,20,55.0,17,8,1,0
68286,20210117,1500,20,18,FCN,7,RCL,1,1,41.2,54.8,57.1,15,2,2,347,52,70.9,57.9,14,35.7,10,2,4,5,5,20.0,26,57.7,20,14,3,0,58.8,45.2,42.9,18,1,4,487,42,84.0,73.4,29,27.6,8,1,1,2,6,12.5,16,50.0,13,19,3,0
68287,20210117,1500,20,9,OGCN,12,FCGB,0,3,50.3,46.6,46.2,9,4,3,454,39,86.6,76.7,19,26.3,10,1,2,4,6,10.0,12,50.0,15,8,0,0,49.7,53.4,53.8,10,6,10,451,65,84.0,70.8,18,16.7,17,9,4,4,13,52.9,13,76.9,12,7,1,0
68288,20210117,1500,20,15,RCSA,11,ASSE,1,0,41.0,46.3,60.6,14,0,7,339,59,74.0,62.2,17,17.6,15,3,4,7,8,20.0,20,55.0,14,23,2,0,59.0,53.7,39.4,9,1,3,490,28,84.5,72.5,24,16.7,8,3,2,1,7,37.5,22,72.7,18,9,2,0
68281,20210117,1700,20,1,LOSC,14,SDR,2,1,61.0,42.3,50.0,6,0,3,635,46,86.5,81.2,18,27.8,16,8,4,8,8,50.0,11,36.4,12,13,2,0,39.0,57.7,50.0,19,0,5,405,60,80.0,60.1,13,7.7,8,4,2,5,3,50.0,23,65.2,13,11,1,0
68283,20210117,2100,20,4,OL,10,FCM,0,1,63.9,41.4,46.7,5,1,9,542,38,84.1,72.4,23,17.4,23,5,7,6,17,21.7,12,83.3,11,14,1,0,36.1,58.6,53.3,16,0,2,304,61,72.7,55.1,17,23.5,18,4,5,8,10,22.2,30,63.3,23,11,3,0
68282,20210127,2100,20,16,FCL,20,DFCO,3,2,45.5,53.2,53.5,19,4,9,322,52,75.5,62.3,24,12.5,14,5,4,4,10,35.7,17,47.1,17,13,2,0,54.5,46.8,46.5,14,0,6,401,77,73.8,63.1,14,28.6,7,2,0,0,7,28.6,15,60.0,22,17,3,0
68295,20210122,2100,21,2,PSG,8,MHSC,4,0,72.4,47.9,60.0,8,3,7,620,27,89.2,85.3,12,16.7,26,8,7,8,18,30.8,16,62.5,6,16,2,0,27.6,52.1,40.0,13,1,1,234,62,66.2,50.8,3,0.0,5,1,0,3,2,20.0,16,62.5,13,12,1,1
68291,20210123,1700,21,7,RCL,9,OGCN,0,1,55.4,50.5,54.2,8,2,6,503,45,84.9,71.5,28,28.6,13,3,4,8,5,23.1,13,69.2,15,9,2,0,44.6,49.5,45.8,8,2,2,414,44,79.5,67.9,10,10.0,7,2,1,3,4,28.6,24,50.0,29,14,1,0
68293,20210123,2100,21,3,ASM,5,OM,3,1,53.4,52.9,55.9,11,3,5,460,58,73.0,59.8,21,23.8,8,6,0,4,4,75.0,25,56.0,8,18,3,0,46.6,47.1,44.1,13,1,4,405,72,69.4,51.7,13,7.7,5,1,0,3,2,20.0,27,55.6,30,21,5,0
68289,20210124,1300,21,12,FCGB,13,SCO,2,1,45.1,48.7,48.0,25,3,3,461,69,84.6,75.4,5,0.0,7,3,2,2,5,42.9,20,40.0,21,11,1,0,54.9,51.3,52.0,7,0,4,546,41,87.0,80.1,19,15.8,15,7,3,6,9,46.7,28,57.1,6,20,2,0
68290,20210124,1500,21,20,DFCO,15,RCSA,1,1,49.3,44.9,41.9,10,2,3,454,68,76.7,59.3,18,27.8,5,3,0,2,3,60.0,17,88.2,10,14,1,0,50.7,55.1,58.1,17,0,4,477,93,81.6,69.1,16,31.3,15,2,3,5,10,13.3,13,53.8,17,9,0,0
68292,20210124,1500,21,10,FCM,18,FCN,2,0,43.8,56.0,50.0,16,1,4,362,68,82.3,72.2,15,26.7,14,4,6,9,5,28.6,24,62.5,23,15,3,0,56.2,44.0,50.0,7,4,6,450,35,84.2,67.4,30,16.7,8,0,2,5,3,0.0,17,70.6,8,15,1,0
68296,20210124,1500,21,14,SDR,17,SB29,1,0,35.5,36.6,32.4,9,1,2,313,50,74.1,62.9,12,8.3,12,2,5,3,9,16.7,10,80.0,28,16,3,0,64.5,63.4,67.6,8,1,4,560,65,84.3,72.6,33,21.2,15,0,7,9,6,0.0,10,60.0,10,11,0,0
68297,20210124,1700,21,6,SRFC,1,LOSC,0,1,68.2,62.6,64.6,10,0,2,644,56,84.3,73.3,20,20.0,11,2,4,5,6,18.2,16,68.8,9,12,2,0,31.8,37.4,35.4,16,4,2,304,62,63.5,48.5,4,25.0,9,4,1,1,8,44.4,15,60.0,17,15,2,0
68298,20210124,2100,21,11,ASSE,4,OL,0,5,40.0,45.2,39.1,10,2,1,348,39,73.9,50.0,7,0.0,3,0,0,0,3,0.0,14,64.3,13,13,3,0,60.0,54.8,60.9,12,1,8,518,63,85.1,73.7,22,36.4,18,11,4,6,12,61.1,8,37.5,9,9,1,0
68294,20210224,1900,21,19,NO,16,FCL,1,0,49.0,47.0,57.7,12,1,4,458,75,79.3,63.1,20,10.0,7,2,1,4,3,28.6,19,47.4,22,10,2,0,51.0,53.0,42.3,9,0,7,476,50,82.6,73.7,23,17.4,11,3,3,6,5,27.3,28,50.0,18,14,4,0
68303,20210129,2100,22,4,OL,12,FCGB,2,1,57.0,44.7,56.5,12,0,7,551,54,83.5,74.3,16,25.0,10,4,5,5,5,40.0,15,53.3,19,17,1,0,43.0,55.3,43.5,14,2,9,408,63,79.7,60.5,18,11.1,12,2,3,6,6,16.7,11,45.5,12,6,2,0
68305,20210130,1700,22,8,MHSC,7,RCL,1,2,55.4,47.3,52.3,10,3,12,407,62,79.9,62.8,40,25.0,17,7,5,3,14,41.2,8,62.5,9,15,4,0,44.6,52.7,47.7,18,0,3,350,61,75.1,65.9,10,40.0,11,2,4,6,5,18.2,16,68.8,48,17,4,0
68307,20210131,1300,22,9,OGCN,11,ASSE,0,1,45.6,45.9,54.2,3,1,4,439,55,83.4,65.9,10,0.0,7,2,3,3,4,28.6,18,66.7,17,11,2,0,54.4,54.1,45.8,13,0,10,504,52,89.7,76.2,39,17.9,10,1,0,2,8,10.0,22,54.5,12,11,2,0
68299,20210131,1500,22,13,SCO,19,NO,3,1,39.8,53.6,63.2,15,1,4,392,57,80.6,70.0,20,25.0,12,5,1,4,8,41.7,23,60.9,17,9,1,0,60.2,46.4,36.8,7,2,8,602,61,87.2,73.0,19,15.8,8,4,0,5,3,50.0,18,44.4,11,7,3,0
68300,20210131,1500,22,17,SB29,10,FCM,2,4,63.2,56.3,59.1,6,2,4,616,57,85.1,71.8,22,31.8,10,5,1,3,7,50.0,20,45.0,15,13,1,0,36.8,43.7,40.9,11,0,1,363,53,79.3,66.8,8,0.0,15,6,2,9,6,40.0,16,81.3,24,14,3,0
68302,20210131,1500,22,16,FCL,2,PSG,3,2,35.0,53.8,36.4,18,1,7,284,49,79.2,62.2,19,0.0,16,5,5,8,8,31.3,21,47.6,24,15,4,0,65.0,46.2,63.6,5,0,9,542,27,86.2,74.7,26,19.2,14,3,3,4,10,21.4,13,76.9,11,9,2,0
68308,20210131,1500,22,15,RCSA,14,SDR,0,1,47.1,46.7,65.0,10,0,4,422,62,83.4,70.2,20,5.0,12,2,5,5,7,16.7,9,55.6,8,17,1,0,52.9,53.3,35.0,9,0,3,481,55,82.7,66.2,13,15.4,10,5,2,3,7,50.0,15,33.3,14,8,2,0
68301,20210131,1700,22,1,LOSC,20,DFCO,1,0,58.4,41.2,44.4,9,2,5,685,65,84.5,75.2,18,22.2,14,2,4,6,8,14.3,16,56.3,7,12,2,0,41.6,58.8,55.6,17,0,2,485,58,78.1,60.4,14,14.3,10,3,3,6,4,30.0,19,68.4,13,7,2,0
68306,20210131,2100,22,18,FCN,3,ASM,1,2,31.9,43.4,32.0,21,3,2,292,51,70.5,54.5,13,23.1,8,3,1,3,5,37.5,18,55.6,19,11,3,1,68.1,56.6,68.0,16,3,8,635,54,85.0,71.8,22,18.2,14,5,3,6,8,35.7,20,45.0,11,14,3,0
68879,20210310,1900,22,5,OM,6,SRFC,1,0,50.9,48.6,45.8,4,1,3,466,56,82.0,68.2,17,29.4,9,2,3,1,8,22.2,21,42.9,11,15,2,0,49.1,51.4,54.2,10,0,4,460,54,82.2,72.7,10,10.0,10,2,3,7,3,20.0,19,31.6,17,19,3,0
68309,20210203,1900,23,12,FCGB,1,LOSC,0,3,53.6,58.3,60.0,9,0,1,551,46,88.2,70.6,12,25.0,10,4,2,3,7,40.0,11,45.5,14,8,1,0,46.4,41.7,40.0,10,1,2,472,57,83.1,72.1,11,18.2,11,6,2,3,8,54.5,16,50.0,10,17,2,0
68312,20210203,1900,23,10,FCM,8,MHSC,1,1,45.5,52.3,63.6,11,0,8,362,41,84.0,66.9,24,20.8,17,6,5,9,8,35.3,10,70.0,21,15,6,0,54.5,47.7,36.4,11,1,7,433,56,85.0,70.1,25,12.0,15,4,10,7,8,26.7,11,54.5,17,15,1,0
68315,20210203,1900,23,14,SDR,13,SCO,0,0,57.3,44.1,39.3,10,3,4,540,53,83.9,68.6,12,25.0,10,2,1,4,6,20.0,18,55.6,13,6,2,0,42.7,55.9,60.7,17,0,5,394,60,80.5,67.6,17,11.8,6,2,1,5,1,33.3,16,50.0,15,8,1,0
68316,20210203,1900,23,6,SRFC,16,FCL,1,1,59.4,43.6,36.7,12,0,5,629,62,85.9,78.9,18,27.8,10,6,2,3,7,60.0,13,61.5,19,17,2,0,40.6,56.4,63.3,21,2,3,430,52,79.1,68.8,14,35.7,12,3,1,6,6,25.0,11,63.6,16,6,1,0
68318,20210203,1900,23,15,RCSA,17,SB29,2,2,41.0,53.6,48.6,12,0,3,379,58,77.3,69.4,15,33.3,9,4,1,7,2,44.4,24,75.0,20,12,2,0,59.0,46.4,51.4,10,2,3,549,63,84.0,75.9,19,15.8,3,2,0,0,3,66.7,15,80.0,10,14,0,0
68310,20210203,2100,23,20,DFCO,4,OL,0,1,37.1,43.3,45.5,13,1,1,381,51,78.7,72.3,10,30.0,14,2,2,7,7,14.3,23,60.9,14,15,2,0,62.9,56.7,54.5,10,0,6,660,64,85.8,75.3,14,64.3,16,8,3,4,12,50.0,26,76.9,9,12,0,0
68311,20210203,2100,23,7,RCL,5,OM,2,2,60.7,46.2,45.0,12,3,8,506,63,83.0,70.6,27,25.9,21,3,5,10,11,14.3,14,71.4,9,18,4,0,39.3,53.8,55.0,19,0,4,334,62,68.6,56.1,13,15.4,11,4,1,4,7,36.4,15,73.3,22,14,2,0
68313,20210203,2100,23,3,ASM,9,OGCN,2,1,42.1,61.5,53.6,16,1,6,383,57,75.5,61.1,19,21.1,15,6,4,5,10,40.0,21,81.0,14,16,0,0,57.9,38.5,46.4,23,0,2,541,54,84.8,72.3,12,16.7,5,2,1,2,3,40.0,5,60.0,16,19,4,0
68314,20210203,2100,23,2,PSG,19,NO,3,0,66.1,54.3,76.5,8,3,4,719,35,91.0,84.6,17,41.2,14,6,2,4,10,42.9,21,47.6,11,13,0,0,33.9,45.7,23.5,21,1,7,355,57,84.5,69.1,22,18.2,19,6,7,7,12,31.6,15,46.7,6,11,1,0
68317,20210203,2100,23,11,ASSE,18,FCN,1,1,50.9,57.5,55.1,13,1,5,379,56,72.6,57.2,21,57.1,14,8,1,4,10,57.1,17,52.9,24,15,3,0,49.1,42.5,44.9,10,1,5,373,63,74.5,60.6,15,20.0,12,6,1,5,7,50.0,11,63.6,12,19,1,0
68321,20210206,1700,24,16,FCL,14,SDR,1,0,40.6,50.8,59.0,21,1,2,351,70,76.1,61.8,11,9.1,9,3,2,7,2,33.3,17,58.8,27,12,0,0,59.4,49.2,41.0,17,3,5,503,73,78.9,64.0,17,5.9,13,3,6,5,8,23.1,16,56.3,6,12,4,0
68322,20210206,1900,24,4,OL,15,RCSA,3,0,70.1,50.0,60.7,9,2,6,651,40,89.4,84.5,18,27.8,16,8,4,6,10,50.0,9,55.6,12,7,2,0,29.9,50.0,39.3,16,0,2,271,51,74.2,59.5,10,0.0,8,1,4,4,4,12.5,21,57.1,13,10,0,1
68320,20210206,2100,24,7,RCL,6,SRFC,0,0,52.4,45.5,43.8,13,0,6,524,58,82.8,67.1,19,26.3,10,3,5,4,6,30.0,12,75.0,19,13,2,0,47.6,54.5,56.3,10,0,4,485,44,81.4,70.4,13,15.4,10,1,1,4,6,10.0,20,75.0,18,11,4,0
68319,20210207,1300,24,17,SB29,12,FCGB,2,1,46.6,60.2,53.6,17,1,6,452,66,81.9,71.1,25,32.0,25,6,6,10,15,24.0,24,50.0,13,11,1,0,53.4,39.8,46.4,11,0,4,526,71,82.7,72.8,14,14.3,8,4,3,3,5,50.0,15,40.0,14,15,3,0
68324,20210207,1500,24,8,MHSC,20,DFCO,4,2,59.1,53.2,64.3,12,1,9,463,57,84.9,74.2,39,46.2,24,11,4,4,20,45.8,11,63.6,6,12,3,0,40.9,46.8,35.7,9,0,4,336,61,78.0,61.3,13,38.5,13,5,4,3,10,38.5,11,63.6,27,14,1,1
68326,20210207,1500,24,9,OGCN,13,SCO,3,0,51.4,49.5,45.8,11,0,5,492,45,85.2,76.3,12,25.0,11,2,3,3,8,18.2,19,68.4,31,11,2,0,48.6,50.5,54.2,6,1,9,449,55,84.9,69.6,33,9.1,10,3,3,5,5,30.0,20,55.0,10,9,1,0
68327,20210207,1500,24,19,NO,3,ASM,3,4,44.3,54.1,50.0,20,0,5,420,59,81.0,60.0,15,20.0,9,4,2,3,6,44.4,23,65.2,16,12,2,0,55.7,45.9,50.0,6,2,6,527,58,84.3,70.6,19,31.6,11,5,3,4,7,45.5,19,57.9,9,16,2,0
68328,20210207,1500,24,11,ASSE,10,FCM,1,0,49.2,54.0,67.7,15,1,8,442,60,76.5,58.7,19,21.1,12,3,4,5,7,25.0,19,63.2,14,8,2,0,50.8,46.0,32.3,18,1,2,466,62,75.8,64.8,10,10.0,10,0,2,7,3,0.0,24,58.3,13,9,2,0
68325,20210207,1700,24,18,FCN,1,LOSC,0,2,43.7,46.6,43.9,22,0,4,420,67,75.5,50.8,16,18.8,6,2,1,2,4,33.3,18,33.3,12,13,3,0,56.3,53.4,56.1,6,2,2,549,79,80.9,68.3,13,30.8,15,3,2,7,8,20.0,13,61.5,21,13,0,0
68323,20210207,2100,24,5,OM,2,PSG,0,2,53.4,50.5,50.0,11,2,7,554,72,83.4,73.7,20,10.0,12,4,4,7,5,33.3,18,66.7,9,12,1,1,46.6,49.5,50.0,14,3,1,486,36,85.4,75.3,12,33.3,9,2,0,2,7,22.2,13,38.5,18,12,2,0
68336,20210213,1700,25,2,PSG,9,OGCN,2,1,55.1,40.7,55.6,11,1,4,608,39,90.8,86.5,19,21.1,17,4,3,7,10,23.5,15,66.7,11,12,2,0,44.9,59.3,44.4,12,1,1,501,41,87.6,79.5,10,40.0,13,5,2,5,8,38.5,18,72.2,11,6,0,0
68337,20210213,1900,25,14,SDR,7,RCL,1,1,35.6,43.6,50.0,16,1,4,300,61,74.3,55.6,10,20.0,9,6,1,3,6,66.7,15,46.7,36,9,2,0,64.4,56.4,50.0,12,3,6,529,44,84.5,74.9,33,24.2,17,6,5,6,11,35.3,17,52.9,12,7,0,0
68333,20210213,2100,25,4,OL,8,MHSC,1,2,54.6,59.6,64.5,15,0,6,475,31,82.7,76.8,20,40.0,24,8,9,3,21,33.3,15,60.0,15,9,0,0,45.4,40.4,35.5,15,1,1,394,68,75.4,65.2,18,27.8,12,5,2,3,9,41.7,17,76.5,22,12,1,0
68335,20210214,1300,25,3,ASM,16,FCL,2,2,70.3,50.0,56.0,17,2,7,712,65,84.8,73.6,31,25.8,12,4,4,2,10,33.3,21,81.0,3,13,3,0,29.7,50.0,44.0,18,0,1,313,58,68.7,55.1,3,0.0,5,2,0,3,2,40.0,16,68.8,44,13,3,0
68329,20210214,1500,25,13,SCO,18,FCN,1,3,65.8,46.1,50.0,5,0,7,560,74,80.9,68.1,29,13.8,8,3,4,1,7,37.5,9,55.6,10,18,2,0,34.2,53.9,50.0,10,2,2,299,61,68.9,57.1,11,9.1,7,3,2,2,5,42.9,22,54.5,19,21,3,0
68331,20210214,1500,25,20,DFCO,19,NO,0,2,50.7,48.6,60.4,12,1,3,478,67,76.4,65.9,15,20.0,10,3,0,3,7,30.0,15,60.0,15,17,4,1,49.3,51.4,39.6,6,4,0,476,74,74.2,60.7,8,25.0,8,4,1,2,6,50.0,22,68.2,20,13,1,0
68334,20210214,1500,25,10,FCM,15,RCSA,1,2,45.5,49.6,55.1,15,1,7,398,63,74.9,58.7,17,35.3,14,2,5,6,8,14.3,14,64.3,17,13,2,0,54.5,50.4,44.9,16,1,7,477,66,78.8,62.5,25,28.0,13,2,6,4,9,15.4,18,61.1,12,12,1,0
68338,20210214,1500,25,6,SRFC,11,ASSE,0,2,72.4,52.0,58.3,5,0,7,646,46,82.8,72.2,34,23.5,13,2,1,4,9,15.4,17,70.6,8,18,5,0,27.6,48.0,41.7,19,1,1,249,54,60.6,47.6,12,16.7,6,3,1,2,4,50.0,15,80.0,32,16,2,0
68332,20210214,1700,25,1,LOSC,17,SB29,0,0,69.0,47.1,56.3,1,1,9,676,60,88.0,79.7,36,16.7,15,0,5,8,7,0.0,10,60.0,14,16,2,0,31.0,52.9,43.8,16,1,3,304,60,72.7,51.4,12,8.3,3,1,1,3,0,33.3,20,45.0,35,15,1,0
68330,20210214,2100,25,12,FCGB,5,OM,0,0,56.3,60.0,63.6,8,3,6,492,34,88.0,78.8,28,25.0,19,1,5,6,13,5.3,11,54.5,14,13,1,0,43.7,40.0,36.4,5,3,5,389,54,78.1,64.3,13,7.7,4,0,1,2,2,0.0,11,63.6,17,17,1,2
68339,20210219,2100,26,17,SB29,4,OL,2,3,50.6,57.3,56.3,9,1,11,483,63,78.1,66.7,32,34.4,19,7,5,8,11,36.8,11,36.4,7,9,2,0,49.4,42.7,43.8,12,0,7,491,64,80.2,72.6,11,18.2,16,7,5,3,13,43.8,8,37.5,31,12,2,0
68347,20210220,1300,26,11,ASSE,14,SDR,1,1,48.1,52.2,64.1,16,1,1,385,43,73.8,58.4,26,19.2,19,8,3,10,9,42.1,26,61.5,7,10,0,0,51.9,47.8,35.9,20,1,2,431,73,75.9,57.2,12,33.3,4,2,0,0,4,50.0,25,68.0,30,11,2,0
68343,20210220,1700,26,18,FCN,5,OM,1,1,33.8,46.5,42.1,10,2,2,299,72,62.5,53.9,15,13.3,6,1,1,2,4,16.7,12,50.0,18,11,4,0,66.2,53.5,57.9,9,3,1,598,69,77.9,57.9,12,25.0,7,3,0,3,4,42.9,15,80.0,19,15,1,1
68342,20210221,1300,26,8,MHSC,6,SRFC,2,1,34.9,47.8,40.9,13,0,3,319,63,76.2,63.5,10,20.0,12,7,1,3,9,58.3,12,58.3,19,10,1,0,65.1,52.2,59.1,5,1,6,594,35,88.4,80.1,28,25.0,14,5,4,4,10,35.7,11,54.5,9,12,2,0
68340,20210221,1500,26,7,RCL,20,DFCO,2,1,55.1,46.5,45.2,13,3,5,474,49,85.0,74.2,21,23.8,11,4,3,6,5,36.4,15,73.3,14,13,3,0,44.9,53.5,54.8,8,1,4,380,48,75.8,61.1,17,35.3,12,4,3,5,7,33.3,19,36.8,17,12,0,1
68344,20210221,1500,26,9,OGCN,10,FCM,1,2,65.4,53.2,62.5,12,0,3,586,39,84.3,74.2,23,26.1,12,3,5,5,7,25.0,29,44.8,7,16,1,0,34.6,46.8,37.5,19,1,3,316,67,74.4,64.2,7,42.9,11,4,1,4,7,36.4,28,64.3,19,12,1,0
68345,20210221,1500,26,19,NO,12,FCGB,2,0,28.9,54.9,47.8,11,1,6,261,61,70.1,56.6,9,22.2,8,3,4,3,5,37.5,25,76.0,24,10,0,0,71.1,45.1,52.2,14,1,7,630,59,89.7,78.8,39,15.4,11,4,3,6,5,36.4,14,78.6,11,12,3,1
68348,20210221,1500,26,15,RCSA,13,SCO,0,0,57.6,45.5,52.2,10,1,5,515,72,80.8,66.3,26,30.8,15,2,5,4,11,13.3,17,70.6,17,23,2,0,42.4,54.5,47.8,9,0,4,375,63,73.9,61.4,18,22.2,8,3,5,5,3,37.5,10,70.0,24,11,1,0
68341,20210221,1700,26,16,FCL,1,LOSC,1,4,44.1,49.5,62.5,15,2,1,436,61,80.0,67.0,10,40.0,8,3,2,4,4,37.5,15,60.0,20,9,2,0,55.9,50.5,37.5,8,1,5,547,56,83.2,71.6,18,16.7,16,7,4,10,6,43.8,17,52.9,7,9,0,0
68346,20210221,2100,26,2,PSG,3,ASM,0,2,74.7,53.0,68.2,3,0,3,794,35,90.4,83.4,25,20.0,10,1,2,5,5,10.0,12,58.3,8,12,4,0,25.3,47.0,31.8,16,0,2,264,59,70.8,57.1,10,40.0,5,3,1,1,4,60.0,24,58.3,27,10,1,0
68358,20210226,2100,27,6,SRFC,9,OGCN,1,2,62.5,52.9,55.6,7,2,6,548,45,87.8,81.6,21,33.3,17,5,7,12,5,29.4,16,56.3,10,17,0,0,37.5,47.1,44.4,6,1,1,330,43,78.5,67.4,11,18.2,14,7,2,6,8,50.0,10,60.0,17,18,2,0
68350,20210227,1300,27,12,FCGB,10,FCM,1,2,50.8,45.9,46.8,12,1,1,417,55,78.2,65.9,12,25.0,8,1,2,2,6,12.5,16,50.0,19,18,1,0,49.2,54.1,53.2,15,2,10,379,68,75.2,61.7,34,26.5,15,5,5,2,13,33.3,23,60.9,13,12,2,0
68351,20210227,1700,27,20,DFCO,2,PSG,0,4,39.6,41.7,57.1,14,3,2,402,47,86.8,74.5,12,33.3,5,1,2,3,2,20.0,17,52.9,10,10,2,0,60.4,58.3,42.9,14,3,4,627,37,90.1,83.0,8,37.5,7,5,2,2,5,71.4,23,43.5,5,9,1,0
68355,20210228,1300,27,3,ASM,17,SB29,2,0,63.8,45.8,58.6,9,1,4,690,62,87.8,79.8,23,13.0,15,9,1,6,9,60.0,12,66.7,4,14,2,0,36.2,54.2,41.4,14,3,2,396,57,79.3,62.7,8,25.0,7,1,3,4,3,14.3,17,41.2,23,6,0,0
68349,20210228,1500,27,13,SCO,7,RCL,2,2,39.0,46.7,51.6,6,1,6,286,59,66.8,55.8,16,6.3,6,3,0,2,4,50.0,16,75.0,28,16,0,0,61.0,53.3,48.4,14,3,11,447,51,81.7,70.8,31,32.3,14,4,4,6,8,28.6,18,55.6,7,15,0,0
68353,20210228,1500,27,16,FCL,11,ASSE,2,1,55.5,48.8,43.8,10,2,5,478,61,80.8,67.5,15,20.0,11,3,3,7,4,27.3,23,47.8,15,12,1,0,44.5,51.2,56.3,8,1,3,383,61,77.5,55.9,15,33.3,9,2,0,3,6,22.2,19,57.9,16,15,3,0
68356,20210228,1500,27,19,NO,18,FCN,1,1,60.8,49.0,40.0,24,0,1,512,92,77.3,63.1,9,11.1,8,4,2,3,5,50.0,19,73.7,13,16,0,1,39.2,51.0,60.0,16,2,8,313,58,65.8,58.7,22,36.4,8,1,3,3,5,12.5,26,61.5,18,25,1,0
68357,20210228,1500,27,14,SDR,8,MHSC,0,0,56.9,55.6,59.3,17,3,5,493,58,84.2,71.6,18,16.7,9,2,2,4,5,22.2,16,43.8,11,9,1,0,43.1,44.4,40.7,15,0,1,375,78,75.2,63.2,11,18.2,9,2,1,4,5,22.2,18,61.1,15,10,1,0
68352,20210228,1700,27,1,LOSC,15,RCSA,1,1,68.4,49.3,52.2,13,0,9,633,47,83.9,75.8,32,21.9,14,5,3,6,8,35.7,13,61.5,14,10,0,0,31.6,50.7,47.8,28,1,2,289,73,67.5,54.0,18,22.2,10,3,2,6,4,30.0,25,64.0,40,14,2,0
68354,20210228,2100,27,5,OM,4,OL,1,1,53.4,48.9,46.4,15,0,7,479,43,85.0,70.7,23,17.4,12,2,5,2,10,16.7,15,53.3,17,13,4,0,46.6,51.1,53.6,11,7,2,424,45,83.3,73.0,15,6.7,11,1,4,7,4,9.1,9,44.4,23,11,2,1
68360,20210303,1900,28,17,SB29,20,DFCO,3,1,49.0,58.9,75.5,16,0,3,482,72,84.2,70.4,15,46.7,10,3,1,2,8,30.0,10,40.0,30,17,3,0,51.0,41.1,24.5,11,0,5,490,79,82.9,67.3,28,7.1,10,2,2,4,6,20.0,14,64.3,9,13,1,0
68362,20210303,1900,28,4,OL,6,SRFC,1,0,46.6,49.1,50.0,11,4,6,475,51,81.1,71.8,19,21.1,15,7,4,4,11,46.7,13,61.5,19,12,1,0,53.4,50.9,50.0,11,1,4,536,60,84.9,72.9,26,26.9,12,1,4,5,7,8.3,15,66.7,18,15,3,0
68363,20210303,1900,28,10,FCM,13,SCO,0,1,65.4,45.9,51.3,12,2,6,585,45,86.2,72.9,20,15.0,15,2,7,9,6,13.3,23,69.6,12,18,2,1,34.6,54.1,48.7,5,2,1,311,58,72.7,59.8,9,33.3,8,4,0,3,5,50.0,26,76.9,12,9,2,0
68366,20210303,1900,28,9,OGCN,19,NO,2,1,54.6,47.9,47.8,24,2,0,587,50,86.9,81.6,11,9.1,10,4,1,2,8,40.0,18,61.1,18,14,3,0,45.4,52.1,52.2,17,1,6,475,63,81.7,71.2,23,34.8,22,7,7,5,17,31.8,8,75.0,6,8,3,0
68367,20210303,1900,28,11,ASSE,7,RCL,2,3,65.7,49.6,50.0,13,0,13,525,50,81.1,67.7,39,38.5,18,4,4,5,13,22.2,16,56.3,7,13,3,0,34.3,50.4,50.0,11,0,3,284,48,72.9,61.1,11,27.3,9,5,0,1,8,55.6,15,53.3,38,12,2,0
68359,20210303,2100,28,12,FCGB,2,PSG,0,1,43.6,54.7,45.8,11,2,8,443,59,84.4,68.5,23,13.0,11,2,1,3,8,18.2,22,45.5,3,8,3,0,56.4,45.3,54.2,9,4,1,596,50,87.8,84.8,8,25.0,12,3,4,3,9,25.0,19,73.7,16,15,3,0
68361,20210303,2100,28,1,LOSC,5,OM,2,0,60.0,53.6,65.8,11,1,11,558,55,82.6,72.7,28,25.0,23,8,8,7,16,34.8,12,50.0,11,12,0,0,40.0,46.4,34.2,22,0,1,372,56,73.9,54.2,13,0.0,3,1,1,2,1,33.3,19,52.6,24,7,1,0
68364,20210303,2100,28,8,MHSC,16,FCL,1,1,53.4,42.1,53.3,8,1,5,480,68,82.3,70.1,19,36.8,10,4,3,5,5,40.0,11,45.5,5,17,2,0,46.6,57.9,46.7,14,0,3,434,68,80.6,70.4,9,22.2,14,6,3,7,7,42.9,29,58.6,21,15,3,0
68365,20210303,2100,28,18,FCN,14,SDR,1,2,49.3,48.4,46.2,17,1,6,408,61,73.8,60.7,18,16.7,12,5,1,7,5,41.7,19,52.6,10,10,0,0,50.7,51.6,53.8,13,1,3,424,73,74.1,60.8,11,45.5,4,2,0,0,4,50.0,27,59.3,24,15,5,0
68368,20210303,2100,28,15,RCSA,3,ASM,1,0,37.4,49.1,51.0,22,5,5,322,78,68.3,59.7,19,36.8,17,2,8,9,8,11.8,16,56.3,22,10,3,0,62.6,50.9,49.0,6,0,7,557,49,79.7,63.7,19,15.8,5,1,1,1,4,20.0,18,50.0,27,12,0,0
68377,20210312,2100,29,14,SDR,4,OL,1,1,32.4,49.5,45.5,25,2,2,333,73,71.5,54.5,8,12.5,14,5,3,8,6,35.7,14,85.7,39,11,3,0,67.6,50.5,54.5,3,5,5,684,51,84.2,75.9,26,15.4,17,6,3,6,11,35.3,8,62.5,7,12,1,0
68369,20210313,1300,29,13,SCO,11,ASSE,0,1,54.0,46.2,40.0,9,2,6,522,70,78.2,64.4,18,16.7,4,1,2,1,3,25.0,22,50.0,13,8,1,0,46.0,53.8,60.0,18,3,3,447,75,75.8,56.4,14,14.3,7,3,1,3,4,42.9,31,61.3,24,14,2,0
68373,20210313,1700,29,5,OM,17,SB29,3,1,40.1,46.8,51.7,11,2,3,392,53,79.8,73.8,21,28.6,12,6,4,4,8,50.0,12,33.3,16,15,3,0,59.9,53.2,48.3,13,3,6,603,62,86.6,75.9,15,20.0,6,1,3,4,2,16.7,11,54.5,13,12,1,0
68375,20210314,1300,29,19,NO,8,MHSC,1,1,39.8,49.6,33.3,10,1,5,279,70,63.4,46.5,14,21.4,12,7,2,4,8,58.3,22,77.3,32,11,2,0,60.2,50.4,66.7,14,5,7,393,67,78.9,65.7,42,26.2,12,5,1,6,6,41.7,13,69.2,21,19,0,0
68370,20210314,1500,29,20,DFCO,12,FCGB,1,3,45.9,45.9,42.9,21,1,5,407,63,77.4,67.1,11,27.3,13,3,2,3,10,23.1,19,68.4,18,15,5,0,54.1,54.1,57.1,20,1,6,472,63,78.6,62.8,21,33.3,10,6,2,2,8,60.0,18,72.2,14,7,1,0
68371,20210314,1500,29,7,RCL,10,FCM,2,2,52.6,45.0,60.0,13,0,6,436,48,81.2,66.7,26,19.2,16,6,2,11,5,37.5,11,45.5,17,17,4,0,47.4,55.0,40.0,11,3,1,402,52,79.9,54.5,8,0.0,7,4,2,3,4,57.1,23,56.5,31,8,3,0
68372,20210314,1500,29,16,FCL,9,OGCN,1,1,49.4,56.3,64.7,12,1,5,500,61,85.0,71.6,17,11.8,17,7,6,8,9,41.2,24,54.2,7,2,2,0,50.6,43.7,35.3,7,1,2,515,52,85.0,72.6,9,22.2,6,2,2,4,2,33.3,27,55.6,20,12,2,0
68378,20210314,1500,29,6,SRFC,15,RCSA,1,0,49.8,55.3,56.4,15,3,6,476,58,80.9,73.4,13,30.8,11,2,2,3,8,18.2,14,85.7,20,13,0,0,50.2,44.7,43.6,14,1,3,473,88,77.8,58.4,19,10.5,6,1,2,3,3,16.7,13,61.5,9,13,2,0
68374,20210314,1705,29,3,ASM,1,LOSC,0,0,63.3,55.2,52.2,6,4,6,654,61,86.5,70.8,19,10.5,8,4,3,1,7,50.0,24,62.5,11,11,3,0,36.7,44.8,47.8,7,1,2,379,51,76.0,62.3,11,27.3,5,2,1,3,2,40.0,16,62.5,22,11,3,0
68376,20210314,2100,29,2,PSG,18,FCN,1,2,74.2,53.3,61.9,11,0,9,718,29,91.8,84.8,19,21.1,11,5,0,5,6,45.5,14,42.9,5,14,2,0,25.8,46.7,38.1,12,1,1,250,43,71.2,69.5,8,50.0,8,5,0,4,4,62.5,21,57.1,21,15,2,0
68387,20210319,2100,30,11,ASSE,3,ASM,0,4,40.2,46.1,42.9,14,1,2,381,54,74.0,58.2,19,36.8,9,3,4,3,6,33.3,12,66.7,15,7,1,0,59.8,53.9,57.1,14,1,6,580,56,83.6,72.0,23,21.7,15,4,4,8,7,26.7,24,66.7,13,11,2,0
68383,20210320,1300,30,10,FCM,6,SRFC,1,3,52.0,43.0,38.9,18,3,4,502,61,82.5,72.0,27,11.1,14,2,6,6,8,14.3,11,72.7,19,11,0,0,48.0,57.0,61.1,10,2,3,475,72,76.2,60.5,7,0.0,9,5,0,5,4,55.6,14,50.0,22,12,2,1
68386,20210320,1700,30,9,OGCN,5,OM,3,0,42.8,59.4,42.9,12,2,7,371,41,80.1,66.0,18,27.8,17,7,3,5,12,41.2,11,27.3,22,11,1,0,57.2,40.6,57.1,11,2,5,498,57,84.7,72.7,22,9.1,7,2,3,5,2,28.6,12,50.0,18,16,1,0
68388,20210321,1300,30,15,RCSA,7,RCL,1,2,59.3,56.3,59.6,4,0,12,464,73,79.3,60.8,32,12.5,17,5,5,7,10,29.4,8,62.5,14,10,2,0,40.7,43.7,40.4,8,1,7,323,56,75.5,64.4,15,6.7,12,4,1,4,8,33.3,10,70.0,37,10,5,0
68379,20210321,1500,30,17,SB29,13,SCO,0,0,52.0,50.9,55.0,13,2,3,533,75,84.6,72.9,22,22.7,11,2,4,5,6,18.2,13,61.5,18,17,1,0,48.0,49.1,45.0,10,0,6,493,49,82.8,66.7,18,11.1,15,5,2,9,6,33.3,10,60.0,15,11,3,0
68380,20210321,1500,30,20,DFCO,14,SDR,0,1,54.3,44.6,46.7,16,1,2,514,78,80.0,67.7,20,30.0,10,4,1,2,8,40.0,12,75.0,16,10,3,0,45.7,55.4,53.3,19,3,3,429,70,80.9,65.4,19,21.1,9,2,3,4,5,22.2,14,42.9,14,10,0,0
68384,20210321,1500,30,8,MHSC,12,FCGB,3,1,43.6,48.0,45.5,11,2,6,384,60,82.0,72.9,25,44.0,23,9,5,5,18,39.1,11,27.3,22,8,1,0,56.4,52.0,54.5,9,2,6,506,57,84.6,75.8,20,25.0,13,3,5,6,7,23.1,12,50.0,18,10,2,0
68385,20210321,1500,30,18,FCN,16,FCL,1,1,36.9,55.8,46.3,10,0,2,349,69,73.1,63.3,19,21.1,8,3,1,2,6,37.5,28,46.4,29,11,0,0,63.1,44.2,53.7,11,1,8,608,86,83.4,70.4,24,33.3,15,3,6,7,8,20.0,9,77.8,11,8,1,0
68381,20210321,1705,30,1,LOSC,19,NO,1,2,72.5,44.6,57.1,6,3,8,731,64,87.3,81.0,42,28.6,15,4,5,5,10,26.7,11,63.6,5,19,2,0,27.5,55.4,42.9,12,0,0,286,68,67.1,59.3,5,20.0,10,4,1,2,8,40.0,19,42.1,34,10,0,0
68382,20210321,2100,30,4,OL,2,PSG,2,4,42.5,54.9,46.7,4,4,1,441,37,86.2,77.6,11,36.4,8,7,0,3,5,87.5,25,56.0,7,14,2,0,57.5,45.1,53.3,11,1,4,605,40,89.8,76.6,9,22.2,14,9,0,5,9,64.3,21,61.9,15,15,0,0
68394,20210403,1300,31,3,ASM,10,FCM,4,0,61.0,46.4,45.8,6,3,8,514,53,83.1,68.8,17,29.4,15,6,4,5,10,40.0,9,77.8,8,16,0,0,39.0,53.6,54.2,16,1,1,329,45,79.6,66.0,8,12.5,6,1,2,2,4,16.7,16,68.8,19,15,4,1
68397,20210403,1700,31,2,PSG,1,LOSC,0,1,65.1,49.5,57.1,9,0,5,580,36,87.4,78.2,30,13.3,16,3,3,8,8,18.8,13,61.5,5,18,4,1,34.9,50.5,42.9,18,2,0,321,54,74.5,62.3,4,25.0,3,3,0,1,2,100.0,21,71.4,34,12,2,1
68391,20210403,2100,31,7,RCL,4,OL,1,1,39.9,42.6,42.9,20,1,2,388,80,78.1,61.2,21,14.3,9,4,1,5,4,44.4,12,33.3,24,12,3,0,60.1,57.4,57.1,5,2,4,590,43,85.4,73.4,20,15.0,15,6,2,3,12,40.0,18,61.1,12,14,3,1
68389,20210404,1300,31,13,SCO,8,MHSC,1,1,62.6,51.6,51.2,6,1,4,618,59,85.1,77.9,16,31.3,14,4,5,6,8,28.6,16,56.3,15,15,1,0,37.4,48.4,48.8,10,1,0,362,59,72.9,61.0,13,15.4,8,3,0,1,7,37.5,21,52.4,10,9,1,0
68390,20210404,1500,31,12,FCGB,15,RCSA,2,3,61.8,42.9,38.7,8,0,6,582,52,87.6,75.5,30,23.3,14,6,2,6,8,42.9,8,75.0,9,8,1,0,38.2,57.1,61.3,17,0,5,356,60,77.0,68.0,19,42.1,12,5,3,2,10,41.7,20,40.0,11,15,1,0
68392,20210404,1500,31,16,FCL,17,SB29,1,0,45.7,50.0,31.4,8,3,6,401,66,75.1,64.7,15,13.3,13,4,4,8,5,30.8,15,80.0,7,9,3,0,54.3,50.0,68.6,19,0,5,480,73,76.3,59.8,13,46.2,5,1,2,2,3,20.0,14,64.3,10,23,2,1
68395,20210404,1500,31,18,FCN,9,OGCN,1,2,49.8,52.4,52.0,5,0,10,426,54,79.6,71.1,24,20.8,18,6,4,11,7,33.3,24,45.8,14,15,1,0,50.2,47.6,48.0,13,1,5,441,65,81.9,70.1,11,18.2,17,8,5,7,10,47.1,19,63.2,23,14,2,0
68398,20210404,1500,31,14,SDR,6,SRFC,2,2,42.4,51.9,48.0,10,1,1,383,49,83.0,65.0,9,11.1,9,4,0,5,4,44.4,8,62.5,18,7,3,1,57.6,48.1,52.0,10,1,6,514,33,88.7,80.8,21,14.3,19,8,7,10,9,42.1,10,60.0,5,11,3,0
68396,20210404,1705,31,19,NO,11,ASSE,0,2,52.9,51.9,47.2,8,2,5,424,69,78.5,60.1,12,25.0,14,3,5,5,9,21.4,22,54.5,15,12,5,0,47.1,48.1,52.8,14,1,3,375,68,74.7,63.9,19,47.4,15,5,3,5,10,33.3,23,60.9,22,19,2,0
68393,20210404,2100,31,5,OM,20,DFCO,2,0,64.2,59.1,70.0,10,3,7,653,31,87.7,77.1,21,38.1,16,3,6,7,9,18.8,20,70.0,17,11,2,0,35.8,40.9,30.0,11,3,1,357,53,76.5,61.0,15,13.3,4,1,2,1,3,25.0,12,66.7,23,9,4,0
68402,20210409,2100,32,10,FCM,1,LOSC,0,2,50.7,44.5,46.2,7,0,10,408,63,78.9,65.4,21,23.8,18,7,6,8,10,38.9,23,52.2,19,16,2,0,49.3,55.5,53.8,8,2,2,403,44,77.7,68.0,13,15.4,9,6,1,4,5,66.7,25,56.0,22,13,2,0
68408,20210410,1700,32,15,RCSA,2,PSG,1,4,36.6,50.5,41.2,16,4,5,353,76,79.0,66.5,20,30.0,9,3,1,2,7,33.3,24,50.0,9,8,0,0,63.4,49.5,58.8,10,0,4,635,50,87.7,78.0,14,21.4,16,7,5,6,10,43.8,20,80.0,14,6,1,0
68404,20210410,2100,32,8,MHSC,5,OM,3,3,43.0,50.5,52.6,9,2,6,327,54,74.3,63.3,30,26.7,20,7,7,7,13,35.0,12,75.0,15,17,2,0,57.0,49.5,47.4,10,0,3,458,31,87.1,76.2,18,22.2,13,8,3,5,8,61.5,15,80.0,36,12,2,1
68406,20210411,1300,32,6,SRFC,18,FCN,1,0,63.9,43.0,31.8,12,2,3,639,61,83.4,74.9,12,25.0,14,4,2,5,9,28.6,23,52.2,15,16,6,0,36.1,57.0,68.2,15,0,3,354,64,74.9,67.2,14,7.1,4,2,0,2,2,50.0,17,58.8,26,15,2,0
68399,20210411,1500,32,17,SB29,19,NO,1,1,63.8,60.3,64.0,15,1,9,516,65,83.1,69.3,36,27.8,22,4,9,7,15,18.2,14,57.1,12,15,4,0,36.2,39.7,36.0,13,2,2,306,74,67.0,53.6,7,14.3,5,3,1,0,5,60.0,10,50.0,31,16,1,0
68400,20210411,1500,32,7,RCL,16,FCL,4,1,37.9,52.6,50.0,22,0,5,333,34,76.6,66.1,6,33.3,14,6,4,5,9,42.9,13,61.5,38,11,0,0,62.1,47.4,50.0,12,0,10,534,52,84.1,68.5,32,18.8,17,6,4,3,14,35.3,18,66.7,9,8,0,0
68405,20210411,1500,32,9,OGCN,14,SDR,0,0,54.6,46.8,60.0,5,0,10,477,29,89.1,77.7,15,26.7,13,2,3,6,7,15.4,11,72.7,15,13,0,0,45.4,53.2,40.0,8,2,6,384,47,84.9,70.1,25,36.0,10,1,2,4,6,10.0,25,64.0,12,11,1,0
68407,20210411,1500,32,11,ASSE,12,FCGB,4,1,36.6,57.9,47.2,13,0,5,303,47,74.6,54.2,13,46.2,17,6,4,4,13,35.3,24,66.7,17,12,3,0,63.4,42.1,52.8,6,2,6,527,48,84.1,72.8,20,30.0,10,2,0,2,8,20.0,11,54.5,7,17,0,0
68403,20210411,1705,32,3,ASM,20,DFCO,3,0,63.7,57.1,58.6,9,4,6,636,46,85.7,71.8,17,23.5,16,10,2,5,11,62.5,19,36.8,9,10,1,0,36.3,42.9,41.4,10,1,4,352,62,73.0,61.5,14,28.6,6,1,0,3,3,16.7,14,57.1,17,16,1,0
68401,20210411,2100,32,4,OL,13,SCO,3,0,53.1,61.5,76.2,9,6,5,593,49,84.5,77.0,20,15.0,16,6,3,7,9,37.5,28,39.3,11,15,0,0,46.9,38.5,23.8,17,1,4,520,55,83.8,76.5,17,29.4,11,3,3,2,9,27.3,12,25.0,15,14,0,0
68413,20210416,2100,33,1,LOSC,8,MHSC,1,1,63.2,48.3,35.9,6,1,9,595,54,84.2,75.2,33,12.1,20,9,3,10,10,45.0,20,45.0,9,14,3,0,36.8,51.7,64.1,17,2,0,348,80,75.6,62.6,13,30.8,10,4,0,6,4,40.0,18,66.7,34,11,1,0
68409,20210417,1245,33,13,SCO,6,SRFC,0,3,41.0,37.8,31.3,12,3,2,471,52,84.5,70.0,13,15.4,10,3,3,6,4,30.0,11,54.5,17,11,2,0,59.0,62.2,68.8,6,3,3,690,57,88.0,81.5,8,12.5,9,3,2,5,4,33.3,14,50.0,14,10,0,0
68414,20210417,1700,33,5,OM,16,FCL,3,2,73.1,59.5,69.2,14,1,8,727,46,89.7,82.2,25,20.0,13,5,3,1,12,38.5,11,63.6,7,9,1,0,26.9,40.5,30.8,12,0,3,269,44,73.2,64.5,5,40.0,12,6,1,8,4,50.0,9,44.4,28,15,0,0
68417,20210418,1300,33,2,PSG,11,ASSE,3,2,71.7,52.4,45.0,6,0,13,680,30,88.7,79.1,33,6.1,17,5,4,7,10,29.4,18,44.4,10,13,1,0,28.3,47.6,55.0,18,4,3,265,52,74.3,54.8,15,26.7,7,5,0,3,4,71.4,17,58.8,34,15,1,0
68411,20210418,1500,33,17,SB29,7,RCL,1,1,44.7,55.4,53.5,14,2,2,342,68,75.7,60.4,14,14.3,7,5,0,3,4,71.4,17,70.6,14,14,0,1,55.3,44.6,46.5,4,1,4,429,59,80.2,65.0,15,13.3,8,2,3,4,4,25.0,13,69.2,18,16,3,2
68412,20210418,1500,33,20,DFCO,9,OGCN,2,0,43.0,45.8,46.2,13,5,1,384,69,81.0,69.7,14,28.6,9,3,4,2,7,33.3,17,58.8,23,8,1,0,57.0,54.2,53.8,12,1,9,502,42,85.1,71.9,25,16.0,10,2,2,2,8,20.0,23,60.9,12,13,1,0
68416,20210418,1500,33,19,NO,15,RCSA,1,1,51.9,47.4,54.8,12,3,2,476,62,82.6,62.1,16,12.5,5,1,0,0,5,20.0,12,58.3,9,10,0,0,48.1,52.6,45.2,16,0,1,448,75,79.9,68.3,10,0.0,7,3,2,3,4,42.9,21,61.9,14,17,2,1
68418,20210418,1500,33,14,SDR,10,FCM,0,0,47.9,49.2,38.6,7,1,10,429,49,83.0,65.3,31,22.6,15,6,2,7,8,40.0,19,57.9,13,13,3,0,52.1,50.8,61.4,11,3,4,488,52,83.0,72.1,14,28.6,11,2,3,7,4,18.2,12,75.0,26,17,1,0
68410,20210418,1705,33,12,FCGB,3,ASM,0,3,40.8,48.5,54.2,13,1,4,420,75,78.8,64.4,15,26.7,7,2,2,3,4,28.6,17,64.7,21,13,2,1,59.2,51.5,45.8,7,2,5,618,54,84.5,74.0,20,15.0,13,6,3,6,7,46.2,17,58.8,13,11,1,0
68415,20210418,2100,33,18,FCN,4,OL,1,2,49.4,46.0,41.7,9,2,5,473,66,79.7,71.2,21,9.5,12,3,4,8,4,25.0,22,45.5,12,16,0,0,50.6,54.0,58.3,7,1,4,494,71,78.1,67.8,12,25.0,11,4,2,2,9,36.4,19,78.9,22,10,1,0
68425,20210423,2100,34,14,SDR,5,OM,1,3,41.3,53.0,54.2,14,2,5,413,59,85.7,72.0,16,25.0,10,1,6,5,5,10.0,19,42.1,18,9,0,1,58.7,47.0,45.8,11,2,2,598,37,88.5,77.4,11,9.1,11,6,3,5,6,54.5,11,72.7,14,2,0,0
68427,20210424,1300,34,11,ASSE,17,SB29,1,2,42.9,49.6,66.7,15,1,3,325,54,77.5,68.8,19,42.1,6,3,0,0,6,50.0,16,62.5,18,17,2,0,57.1,50.4,33.3,9,0,2,442,69,78.1,63.2,16,12.5,12,7,2,4,8,58.3,24,54.2,12,11,1,0
68423,20210424,1700,34,10,FCM,2,PSG,1,3,33.1,44.1,53.8,19,1,1,325,49,82.2,69.4,11,18.2,8,3,1,3,5,37.5,15,73.3,17,12,1,0,66.9,55.9,46.2,9,0,9,678,48,89.2,79.7,15,26.7,19,8,1,6,13,42.1,28,60.7,9,12,4,0
68424,20210425,1300,34,9,OGCN,8,MHSC,3,1,58.8,54.1,48.3,5,1,7,500,52,86.2,73.3,18,27.8,18,8,7,5,13,44.4,16,31.3,23,13,1,0,41.2,45.9,51.7,6,2,6,331,70,76.1,65.7,26,42.3,14,3,3,3,11,21.4,22,63.6,16,17,2,0
68420,20210425,1500,34,7,RCL,19,NO,2,1,43.3,52.0,50.0,12,1,4,360,56,76.7,69.2,9,22.2,7,4,1,2,5,57.1,20,60.0,31,14,1,1,56.7,48.0,50.0,12,1,6,461,57,82.2,72.1,25,24.0,16,2,5,7,9,12.5,17,47.1,3,15,2,0
68421,20210425,1500,34,16,FCL,12,FCGB,4,1,43.6,52.6,34.5,8,1,6,382,66,76.4,70.6,15,40.0,13,7,0,4,9,53.8,25,76.0,17,9,2,0,56.4,47.4,65.5,7,1,3,498,50,84.3,73.7,13,23.1,13,7,2,6,7,53.8,8,37.5,10,14,3,0
68426,20210425,1500,34,6,SRFC,20,DFCO,5,1,74.2,52.4,50.0,6,3,8,774,45,92.0,85.1,12,41.7,25,12,6,8,17,48.0,15,60.0,6,13,6,0,25.8,47.6,50.0,8,1,2,263,49,77.6,63.0,7,0.0,4,1,1,1,3,25.0,15,26.7,11,8,3,0
68428,20210425,1500,34,15,RCSA,18,FCN,1,2,64.5,50.0,54.1,12,0,6,510,79,78.0,67.0,24,20.8,12,4,4,4,8,33.3,22,63.6,21,15,1,0,35.5,50.0,45.9,11,4,4,276,61,65.6,57.1,17,11.8,7,5,0,3,4,71.4,23,52.2,26,13,3,0
68419,20210425,1705,34,13,SCO,3,ASM,0,1,41.3,39.8,37.5,10,2,4,366,71,73.0,55.5,14,0.0,4,0,1,3,1,0.0,13,46.2,10,18,2,0,58.7,60.2,62.5,10,2,1,539,60,82.6,67.9,13,15.4,10,3,2,3,7,30.0,20,45.0,11,11,2,0
68422,20210425,2100,34,4,OL,1,LOSC,2,3,46.1,53.3,50.0,9,1,8,478,63,79.7,67.3,22,31.8,7,2,3,2,5,28.6,10,60.0,8,9,0,0,53.9,46.7,50.0,12,1,4,575,54,86.4,78.6,14,50.0,16,8,3,3,13,50.0,12,58.3,23,13,3,0
68434,20210430,2100,35,5,OM,15,RCSA,1,1,67.6,52.1,57.9,5,1,5,643,36,89.0,82.9,23,21.7,8,4,0,5,3,50.0,6,83.3,16,10,4,0,32.4,47.9,42.1,6,0,6,299,59,75.9,60.8,19,21.1,8,5,0,3,5,62.5,15,60.0,25,14,2,0
68438,20210501,1700,35,2,PSG,7,RCL,2,1,59.2,46.1,45.5,10,3,6,595,37,90.4,82.8,11,36.4,14,6,3,5,9,42.9,15,46.7,8,14,4,0,40.8,53.9,54.5,14,2,2,398,42,86.7,78.1,15,26.7,15,3,1,5,10,20.0,21,42.9,12,16,2,0
68429,20210502,1300,35,12,FCGB,6,SRFC,1,0,45.1,37.1,41.7,14,1,3,401,56,81.5,67.7,9,33.3,9,4,3,3,6,44.4,14,85.7,20,14,4,0,54.9,62.9,58.3,9,1,5,475,41,82.9,69.4,22,9.1,9,2,3,5,4,22.2,23,56.5,9,14,1,1
68430,20210502,1500,35,17,SB29,18,FCN,1,4,58.8,48.7,40.6,10,2,5,564,58,84.2,71.8,18,5.6,16,7,6,7,9,43.8,15,60.0,19,12,2,0,41.2,51.3,59.4,15,2,5,394,58,76.4,67.6,13,23.1,12,6,5,3,9,50.0,20,70.0,24,10,0,0
68431,20210502,1500,35,20,DFCO,10,FCM,1,5,44.8,43.4,44.4,10,0,6,398,55,78.6,64.5,13,46.2,10,4,2,2,8,40.0,12,25.0,12,11,1,1,55.2,56.6,55.6,19,1,3,491,58,83.9,69.7,19,21.1,14,6,1,6,8,42.9,27,55.6,7,16,1,0
68433,20210502,1500,35,16,FCL,13,SCO,2,0,49.6,50.5,61.9,15,4,5,541,43,85.6,75.5,11,18.2,13,4,3,4,9,30.8,15,40.0,16,8,1,1,50.4,49.5,38.1,15,0,0,544,74,84.7,73.8,12,25.0,9,2,1,7,2,22.2,15,46.7,7,13,3,1
68437,20210502,1500,35,19,NO,14,SDR,2,2,51.0,39.6,35.5,11,1,10,400,59,79.5,63.4,26,23.1,18,7,4,8,10,38.9,14,50.0,14,15,2,0,49.0,60.4,64.5,6,0,5,391,54,77.2,62.2,13,15.4,12,7,2,6,6,58.3,13,84.6,30,13,2,0
68436,20210502,1705,35,8,MHSC,11,ASSE,1,2,45.4,51.7,42.5,12,1,7,358,61,76.0,61.0,21,23.8,13,2,6,3,10,15.4,25,68.0,22,15,2,0,54.6,48.3,57.5,15,0,7,440,56,83.4,70.8,19,21.1,19,7,8,5,14,36.8,8,50.0,19,12,1,0
68435,20210502,2100,35,3,ASM,4,OL,2,3,47.5,47.5,48.8,5,2,5,435,67,72.9,60.6,10,40.0,12,4,2,2,10,33.3,17,47.1,16,23,1,2,52.5,52.5,51.2,16,3,5,472,67,80.5,72.3,19,47.4,17,5,3,7,10,29.4,10,70.0,8,16,2,3
68440,20210507,2100,36,7,RCL,1,LOSC,0,3,48.7,42.9,66.7,14,0,5,497,41,89.9,76.7,20,25.0,11,5,2,2,9,45.5,8,62.5,7,15,1,1,51.3,57.1,33.3,10,0,4,529,51,89.4,79.1,12,33.3,11,6,0,6,5,54.5,17,58.8,14,9,2,0
68443,20210508,1300,36,18,FCN,12,FCGB,3,0,49.5,45.1,46.9,9,0,5,417,76,74.1,67.5,14,7.1,11,3,4,7,4,27.3,9,55.6,18,13,0,0,50.5,54.9,53.1,8,2,2,426,65,75.4,59.9,13,30.8,10,2,2,3,7,20.0,16,50.0,24,20,5,0
68441,20210508,1700,36,4,OL,16,FCL,4,1,59.1,57.3,68.4,16,0,5,598,47,87.8,79.7,11,18.2,25,11,6,5,20,44.0,19,52.6,4,17,2,0,40.9,42.7,31.6,17,1,1,415,45,82.4,68.0,8,25.0,8,2,3,5,3,25.0,15,60.0,17,10,2,0
68447,20210509,1300,36,11,ASSE,5,OM,1,0,44.8,40.0,33.3,9,2,10,313,68,76.0,56.1,17,23.5,18,5,5,8,10,27.8,15,53.3,19,22,1,0,55.2,60.0,66.7,6,3,4,386,56,78.0,66.5,21,38.1,15,4,3,6,9,26.7,19,47.4,17,12,3,0
68439,20210509,1500,36,13,SCO,20,DFCO,3,0,44.3,41.1,25.0,12,2,1,470,51,83.0,70.9,5,60.0,12,5,2,5,7,41.7,19,73.7,9,8,0,0,55.7,58.9,75.0,12,1,4,585,40,85.6,68.7,11,27.3,5,1,3,1,4,20.0,12,66.7,9,11,0,0
68442,20210509,1500,36,10,FCM,19,NO,0,3,59.2,53.8,70.0,14,1,0,564,52,83.9,76.9,12,25.0,11,2,4,6,5,18.2,11,54.5,16,13,1,0,40.8,46.3,30.0,14,2,6,380,57,76.8,61.6,17,17.6,10,5,2,3,7,50.0,18,50.0,5,12,2,0
68444,20210509,1500,36,9,OGCN,17,SB29,3,2,63.0,44.7,30.4,5,0,7,612,49,90.7,83.4,30,26.7,14,5,2,1,13,35.7,12,83.3,6,8,1,1,37.0,55.3,69.6,12,0,5,367,49,80.9,73.6,12,33.3,9,2,3,4,5,22.2,13,69.2,24,11,1,0
68448,20210509,1500,36,15,RCSA,8,MHSC,2,3,57.4,50.9,39.5,6,1,4,452,55,81.4,69.2,30,33.3,18,7,4,5,13,38.9,16,31.3,13,16,2,0,42.6,49.1,60.5,5,1,6,340,71,72.1,61.9,16,18.8,6,3,2,2,4,50.0,10,40.0,25,16,3,0
68445,20210509,1705,36,14,SDR,3,ASM,0,1,38.7,47.5,50.0,13,1,3,403,62,81.6,66.1,12,25.0,8,2,2,3,5,25.0,8,62.5,12,11,1,0,61.3,52.5,50.0,8,0,3,655,51,87.9,76.4,10,50.0,7,2,2,4,3,28.6,18,33.3,10,13,3,0
68446,20210509,2100,36,6,SRFC,2,PSG,1,1,42.2,51.4,45.8,10,4,9,415,55,82.7,71.3,13,23.1,19,10,3,8,11,52.6,14,50.0,16,12,4,0,57.8,48.6,54.2,13,2,3,565,42,89.0,79.3,19,26.3,12,4,1,1,11,33.3,14,50.0,19,11,1,1
68449,20210516,2100,37,12,FCGB,7,RCL,3,0,33.4,55.3,61.3,14,1,1,290,62,69.7,57.4,9,33.3,11,4,2,1,10,36.4,21,57.1,29,16,2,0,66.6,44.7,38.7,12,2,6,561,45,86.5,77.4,30,20.0,14,4,5,3,11,28.6,15,40.0,8,15,2,0
68450,20210516,2100,37,20,DFCO,18,FCN,0,4,70.9,52.9,52.8,8,1,3,668,73,85.0,73.8,15,20.0,10,1,5,2,8,10.0,18,72.2,20,12,2,0,29.1,47.1,47.2,8,1,6,266,49,72.2,58.9,17,29.4,16,4,3,5,11,25.0,20,45.0,22,10,1,0
68451,20210516,2100,37,1,LOSC,11,ASSE,0,0,59.3,54.0,58.1,9,1,3,597,62,84.4,76.9,15,20.0,14,3,5,9,5,21.4,20,40.0,15,11,1,0,40.7,46.0,41.9,8,1,6,399,60,77.9,58.0,19,21.1,8,1,4,2,6,12.5,20,55.0,25,14,2,0
68452,20210516,2100,37,16,FCL,10,FCM,2,1,37.5,52.1,30.4,7,0,2,383,49,77.8,66.3,8,12.5,6,2,2,1,5,33.3,25,64.0,17,16,1,0,62.5,47.9,69.6,11,0,1,635,50,86.9,73.9,15,6.7,3,1,1,3,0,33.3,13,53.8,6,19,4,0
68453,20210516,2100,37,5,OM,13,SCO,3,2,53.0,63.5,50.0,11,2,3,543,38,90.1,78.3,13,30.8,16,11,2,6,10,68.8,25,48.0,10,16,3,0,47.0,36.5,50.0,7,2,4,480,47,87.5,78.1,10,20.0,11,5,3,5,6,45.5,8,62.5,11,12,2,0
68454,20210516,2100,37,3,ASM,6,SRFC,2,1,39.2,49.6,45.1,14,2,4,365,68,73.2,63.4,10,30.0,11,3,6,3,8,27.3,23,43.5,20,12,2,0,60.8,50.4,54.9,5,0,4,561,81,79.7,65.7,17,23.5,9,2,2,5,4,22.2,12,41.7,14,14,2,1
68455,20210516,2100,37,8,MHSC,17,SB29,0,0,40.5,46.8,50.0,14,0,1,346,75,77.5,58.9,19,15.8,4,2,0,2,2,50.0,14,71.4,32,18,0,1,59.5,53.2,50.0,8,0,11,502,65,83.5,74.9,38,34.2,21,8,5,4,17,38.1,16,56.3,12,13,3,0
68456,20210516,2100,37,9,OGCN,15,RCSA,0,2,72.1,56.8,50.0,9,1,4,678,45,89.7,81.3,22,18.2,7,3,1,2,5,42.9,17,76.5,10,9,2,0,27.9,43.2,50.0,18,2,4,258,59,76.7,64.9,14,21.4,11,5,4,2,9,45.5,11,54.5,16,10,1,0
68457,20210516,2100,37,19,NO,4,OL,2,5,42.9,44.6,34.8,11,2,3,431,65,80.5,62.6,12,16.7,8,4,4,3,5,50.0,14,57.1,10,7,0,0,57.1,55.4,65.2,10,0,6,581,44,83.8,78.4,7,14.3,21,13,3,11,10,61.9,18,44.4,8,13,0,0
68458,20210516,2100,37,2,PSG,14,SDR,4,0,57.3,38.8,70.0,18,1,9,587,16,93.5,88.9,23,21.7,28,10,7,9,19,35.7,13,69.2,9,14,0,0,42.7,61.2,30.0,11,2,5,441,64,87.1,77.6,10,20.0,2,0,1,1,1,0.0,24,41.7,26,4,0,1
68459,20210523,2100,38,13,SCO,1,LOSC,1,2,57.4,49.0,52.2,11,0,4,660,52,87.7,76.9,18,22.2,11,4,1,5,6,36.4,11,63.6,9,10,0,0,42.6,51.0,47.8,16,4,2,496,45,83.1,67.9,4,0.0,5,2,0,2,3,40.0,17,64.7,15,14,2,0
68460,20210523,2100,38,17,SB29,2,PSG,0,2,36.6,48.2,50.0,7,1,5,391,63,77.7,69.3,14,28.6,6,5,0,0,6,83.3,14,28.6,14,7,1,0,63.4,51.8,50.0,4,0,4,695,45,88.6,84.9,16,31.3,9,4,2,2,7,44.4,9,77.8,12,6,2,0
68461,20210523,2100,38,7,RCL,3,ASM,0,0,34.5,44.4,44.0,14,3,2,338,52,71.6,65.5,6,16.7,4,1,0,1,3,25.0,13,46.2,25,16,3,0,65.5,55.6,56.0,8,4,7,632,60,83.5,73.9,28,17.9,19,3,5,9,10,15.8,14,64.3,6,6,2,0
68462,20210523,2100,38,4,OL,9,OGCN,2,3,54.2,50.0,50.0,7,2,6,510,40,84.1,76.0,20,25.0,12,6,2,4,8,50.0,19,73.7,8,8,1,0,45.8,50.0,50.0,15,0,6,432,62,83.1,70.2,13,30.8,14,6,2,5,9,42.9,14,57.1,20,10,2,0
68463,20210523,2100,38,10,FCM,5,OM,1,1,35.4,44.2,52.6,11,1,1,320,51,80.0,67.6,15,6.7,10,3,4,7,3,30.0,12,33.3,31,14,3,0,64.6,55.8,47.4,10,0,10,586,60,86.3,63.4,28,21.4,9,2,1,3,6,22.2,14,35.7,8,10,2,0
68464,20210523,2100,38,18,FCN,8,MHSC,1,2,48.9,53.5,54.9,7,1,9,354,54,76.0,70.3,28,14.3,15,5,6,7,8,33.3,19,47.4,14,8,2,0,51.1,46.5,45.1,11,1,5,376,74,76.6,57.0,21,19.0,8,5,1,0,8,62.5,25,56.0,26,11,2,0
68465,20210523,2100,38,14,SDR,12,FCGB,1,2,55.8,40.2,43.3,2,2,5,554,73,89.2,75.9,24,20.8,10,3,3,2,8,30.0,10,50.0,8,11,1,0,44.2,59.8,56.7,10,1,2,449,56,87.1,72.9,11,9.1,12,5,4,6,6,41.7,11,54.5,15,6,1,0
68466,20210523,2100,38,6,SRFC,19,NO,2,0,68.2,50.0,63.6,10,0,4,832,40,93.0,88.9,25,16.0,12,6,2,6,6,50.0,15,46.7,8,11,1,0,31.8,50.0,36.4,14,2,3,386,41,84.2,66.1,7,0.0,9,2,0,6,3,22.2,14,57.1,16,10,0,0
68467,20210523,2100,38,11,ASSE,20,DFCO,0,1,65.2,46.4,48.4,10,1,9,613,81,84.0,73.1,25,48.0,19,5,5,8,11,26.3,15,60.0,18,13,1,0,34.8,53.6,51.6,14,0,3,328,60,71.6,56.1,9,22.2,10,2,1,5,5,20.0,29,31.0,16,10,0,0
68468,20210523,2100,38,15,RCSA,16,FCL,1,1,51.7,53.9,66.7,10,0,2,488,84,85.0,69.2,7,42.9,6,2,0,5,1,33.3,15,66.7,10,17,1,0,48.3,46.1,33.3,9,1,3,443,43,82.6,61.6,16,31.3,7,1,2,4,3,14.3,13,69.2,11,9,1,0
